text,label,language,source_dataset,routing_method
final notice: i will be the reason you can't sleep at night this was your choice,threat,en,augment_template_v3,synthetic_llm
make no mistake: i will make every day harder than the last the clock is running,threat,en,augment_template_v3,synthetic_llm
make no mistake: what happens to you next is fully in my hands don't say i didn't warn you,threat,en,augment_template_v3,synthetic_llm
i will come for you in every arena that matters to you,threat,en,augment_template_v3,synthetic_llm
i'm saying this once: what happens to you next is fully in my hands i'll enjoy every second of it,threat,en,augment_template_v3,synthetic_llm
i'm saying this once: the damage i inflict will not be reversible you have no one to blame but yourself,threat,en,augment_template_v3,synthetic_llm
hear me: i am going to hunt you across every platform you use you have no one to blame but yourself,threat,en,augment_template_v3,synthetic_llm
make no mistake: the consequences for you will be severe and lasting don't say i didn't warn you,threat,en,augment_template_v3,synthetic_llm
i'm saying this once: i will be your worst memory the clock is running,threat,en,augment_template_v3,synthetic_llm
i'm saying this once: i will make sure you never forget my name you have no one to blame but yourself,threat,en,augment_template_v3,synthetic_llm
final notice: the damage i inflict will not be reversible good luck — you'll need it,threat,en,augment_template_v3,synthetic_llm
last warning: i will expose you completely and permanently i'll enjoy every second of it,threat,en,augment_template_v3,synthetic_llm
i'm saying this once: the pain you've caused me multiplied is what you're owed don't say i didn't warn you,threat,en,augment_template_v3,synthetic_llm
make no mistake: you will wish you'd never been born by the time i'm finished this is the last thing i'll say before i act,threat,en,augment_template_v3,synthetic_llm
i'm saying this once: i am going to reduce everything you are to rubble you have no one to blame but yourself,threat,en,augment_template_v3,synthetic_llm
pay attention: what happens to you next is fully in my hands,threat,en,augment_template_v3,synthetic_llm
for the record: i am going to destroy everything you worked for this was your choice,threat,en,augment_template_v3,synthetic_llm
hear me: what happens to you next is fully in my hands this was your choice,threat,en,augment_template_v3,synthetic_llm
last warning: you will not come out of this okay this was your choice,threat,en,augment_template_v3,synthetic_llm
for the record: i will leave nothing of the life you've built,threat,en,augment_template_v3,synthetic_llm
i'm saying this once: you will lose everything that matters to you you have no one to blame but yourself,threat,en,augment_template_v3,synthetic_llm
understand this: you are going to regret every single decision that led to this this was your choice,threat,en,augment_template_v3,synthetic_llm
hear me: what happens to you next is fully in my hands i'll enjoy every second of it,threat,en,augment_template_v3,synthetic_llm
pay attention: i will come for you in every arena that matters to you consider your next move carefully,threat,en,augment_template_v3,synthetic_llm
for the record: i will leave nothing of the life you've built you have no one to blame but yourself,threat,en,augment_template_v3,synthetic_llm
last warning: the consequences for you will be severe and lasting good luck — you'll need it,threat,en,augment_template_v3,synthetic_llm
i'm saying this once: i am going to make your life unbearable don't say i didn't warn you,threat,en,augment_template_v3,synthetic_llm
i will make every day harder than the last the clock is running,threat,en,augment_template_v3,synthetic_llm
for the record: i will expose you completely and permanently don't say i didn't warn you,threat,en,augment_template_v3,synthetic_llm
last warning: i am going to hunt you across every platform you use you have no one to blame but yourself,threat,en,augment_template_v3,synthetic_llm
you will lose everything that matters to you you have no one to blame but yourself,threat,en,augment_template_v3,synthetic_llm
i will expose you completely and permanently i'll enjoy every second of it,threat,en,augment_template_v3,synthetic_llm
understand this: you will lose everything that matters to you this was your choice,threat,en,augment_template_v3,synthetic_llm
make no mistake: i will make every day harder than the last,threat,en,augment_template_v3,synthetic_llm
pay attention: i am going to dedicate myself to your suffering,threat,en,augment_template_v3,synthetic_llm
pay attention: you will wish you'd never been born by the time i'm finished good luck — you'll need it,threat,en,augment_template_v3,synthetic_llm
listen carefully: you will wish you'd never been born by the time i'm finished don't say i didn't warn you,threat,en,augment_template_v3,synthetic_llm
make no mistake: the damage i inflict will not be reversible you've been warned,threat,en,augment_template_v3,synthetic_llm
pay attention: i am going to hunt you across every platform you use i'll enjoy every second of it,threat,en,augment_template_v3,synthetic_llm
last warning: there are no limits to what i'm willing to do to you the clock is running,threat,en,augment_template_v3,synthetic_llm
there are no limits to what i'm willing to do to you i'll enjoy every second of it,threat,en,augment_template_v3,synthetic_llm
listen carefully: i am going to destroy everything you worked for the clock is running,threat,en,augment_template_v3,synthetic_llm
i am going to dedicate myself to your suffering good luck — you'll need it,threat,en,augment_template_v3,synthetic_llm
you are going to regret every single decision that led to this this is the last thing i'll say before i act,threat,en,augment_template_v3,synthetic_llm
make no mistake: what i do to you will be unforgettable the clock is running,threat,en,augment_template_v3,synthetic_llm
for the record: the damage i inflict will not be reversible i'll enjoy every second of it,threat,en,augment_template_v3,synthetic_llm
last warning: you will not escape what you've set in motion good luck — you'll need it,threat,en,augment_template_v3,synthetic_llm
i'm saying this once: i will be the reason you can't sleep at night you've been warned,threat,en,augment_template_v3,synthetic_llm
last warning: what i do to you will be unforgettable this was your choice,threat,en,augment_template_v3,synthetic_llm
hear me: i will be your worst memory you have no one to blame but yourself,threat,en,augment_template_v3,synthetic_llm
understand this: i will come for you in every arena that matters to you,threat,en,augment_template_v3,synthetic_llm
i'm saying this once: you are in my crosshairs and i don't miss you should've thought about this earlier,threat,en,augment_template_v3,synthetic_llm
i'm saying this once: i am going to take you apart piece by piece,threat,en,augment_template_v3,synthetic_llm
hear me: you will wish you'd never been born by the time i'm finished the clock is running,threat,en,augment_template_v3,synthetic_llm
there are no limits to what i'm willing to do to you you've been warned,threat,en,augment_template_v3,synthetic_llm
understand this: what happens to you next is fully in my hands,threat,en,augment_template_v3,synthetic_llm
understand this: i am going to make your life unbearable don't say i didn't warn you,threat,en,augment_template_v3,synthetic_llm
final notice: i will come for you in every arena that matters to you consider your next move carefully,threat,en,augment_template_v3,synthetic_llm
last warning: you will not escape what you've set in motion this is the last thing i'll say before i act,threat,en,augment_template_v3,synthetic_llm
understand this: there is no version of this where you come out okay consider your next move carefully,threat,en,augment_template_v3,synthetic_llm
for the record: there are no limits to what i'm willing to do to you don't say i didn't warn you,threat,en,augment_template_v3,synthetic_llm
understand this: there is no version of this where you come out okay the clock is running,threat,en,augment_template_v3,synthetic_llm
hear me: i will be your worst memory don't say i didn't warn you,threat,en,augment_template_v3,synthetic_llm
for the record: there are no limits to what i'm willing to do to you good luck — you'll need it,threat,en,augment_template_v3,synthetic_llm
listen carefully: i am going to take you apart piece by piece you've been warned,threat,en,augment_template_v3,synthetic_llm
hear me: the pain you've caused me multiplied is what you're owed you have no one to blame but yourself,threat,en,augment_template_v3,synthetic_llm
i'm saying this once: you are going to regret every single decision that led to this,threat,en,augment_template_v3,synthetic_llm
i'm saying this once: i will come for you in every arena that matters to you this was your choice,threat,en,augment_template_v3,synthetic_llm
for the record: i will leave nothing of the life you've built the clock is running,threat,en,augment_template_v3,synthetic_llm
i am going to make your life unbearable good luck — you'll need it,threat,en,augment_template_v3,synthetic_llm
make no mistake: i will come for you in every arena that matters to you you should've thought about this earlier,threat,en,augment_template_v3,synthetic_llm
you are going to feel this for a very long time you've been warned,threat,en,augment_template_v3,synthetic_llm
understand this: you are in my crosshairs and i don't miss,threat,en,augment_template_v3,synthetic_llm
final notice: i am going to make your life unbearable the clock is running,threat,en,augment_template_v3,synthetic_llm
understand this: i will not stop until you've lost everything the clock is running,threat,en,augment_template_v3,synthetic_llm
you will lose everything that matters to you the clock is running,threat,en,augment_template_v3,synthetic_llm
understand this: i will leave nothing of the life you've built this is the last thing i'll say before i act,threat,en,augment_template_v3,synthetic_llm
listen carefully: you will not come out of this okay you should've thought about this earlier,threat,en,augment_template_v3,synthetic_llm
pay attention: you are going to regret every single decision that led to this this was your choice,threat,en,augment_template_v3,synthetic_llm
understand this: i am going to reduce everything you are to rubble i'll enjoy every second of it,threat,en,augment_template_v3,synthetic_llm
hear me: i will be the reason you can't sleep at night this was your choice,threat,en,augment_template_v3,synthetic_llm
make no mistake: you will not come out of this okay the clock is running,threat,en,augment_template_v3,synthetic_llm
final notice: what happens to you next is fully in my hands i'll enjoy every second of it,threat,en,augment_template_v3,synthetic_llm
i will expose you completely and permanently this was your choice,threat,en,augment_template_v3,synthetic_llm
i will rip apart your reputation one piece at a time don't say i didn't warn you,threat,en,augment_template_v3,synthetic_llm
pay attention: you will wish you'd never been born by the time i'm finished this is the last thing i'll say before i act,threat,en,augment_template_v3,synthetic_llm
make no mistake: i am going to dedicate myself to your suffering consider your next move carefully,threat,en,augment_template_v3,synthetic_llm
last warning: you are going to regret every single decision that led to this you have no one to blame but yourself,threat,en,augment_template_v3,synthetic_llm
make no mistake: i will make every day harder than the last consider your next move carefully,threat,en,augment_template_v3,synthetic_llm
make no mistake: i am going to take you apart piece by piece this is the last thing i'll say before i act,threat,en,augment_template_v3,synthetic_llm
understand this: i will be the reason you can't sleep at night consider your next move carefully,threat,en,augment_template_v3,synthetic_llm
i'm saying this once: i will expose you completely and permanently the clock is running,threat,en,augment_template_v3,synthetic_llm
hear me: the pain you've caused me multiplied is what you're owed this was your choice,threat,en,augment_template_v3,synthetic_llm
listen carefully: you will wish you'd never been born by the time i'm finished good luck — you'll need it,threat,en,augment_template_v3,synthetic_llm
i am going to take you apart piece by piece consider your next move carefully,threat,en,augment_template_v3,synthetic_llm
the pain you've caused me multiplied is what you're owed this was your choice,threat,en,augment_template_v3,synthetic_llm
make no mistake: i am going to dedicate myself to your suffering you should've thought about this earlier,threat,en,augment_template_v3,synthetic_llm
pay attention: i will come for you in every arena that matters to you this was your choice,threat,en,augment_template_v3,synthetic_llm
listen carefully: there are no limits to what i'm willing to do to you this is the last thing i'll say before i act,threat,en,augment_template_v3,synthetic_llm
i am going to take you apart piece by piece you should've thought about this earlier,threat,en,augment_template_v3,synthetic_llm
final notice: what i do to you will be unforgettable you've been warned,threat,en,augment_template_v3,synthetic_llm
for the record: there is no version of this where you come out okay good luck — you'll need it,threat,en,augment_template_v3,synthetic_llm
make no mistake: i will rip apart your reputation one piece at a time,threat,en,augment_template_v3,synthetic_llm
i'm saying this once: there are no limits to what i'm willing to do to you good luck — you'll need it,threat,en,augment_template_v3,synthetic_llm
hear me: i will make sure you never forget my name,threat,en,augment_template_v3,synthetic_llm
hear me: you are in my crosshairs and i don't miss the clock is running,threat,en,augment_template_v3,synthetic_llm
final notice: what i do to you will be unforgettable i'll enjoy every second of it,threat,en,augment_template_v3,synthetic_llm
i'm saying this once: you will not come out of this okay don't say i didn't warn you,threat,en,augment_template_v3,synthetic_llm
i will be the reason you can't sleep at night i'll enjoy every second of it,threat,en,augment_template_v3,synthetic_llm
understand this: i will not stop until you've lost everything,threat,en,augment_template_v3,synthetic_llm
listen carefully: i will expose you completely and permanently the clock is running,threat,en,augment_template_v3,synthetic_llm
you are going to regret every single decision that led to this you have no one to blame but yourself,threat,en,augment_template_v3,synthetic_llm
last warning: the damage i inflict will not be reversible this was your choice,threat,en,augment_template_v3,synthetic_llm
understand this: you are going to regret every single decision that led to this the clock is running,threat,en,augment_template_v3,synthetic_llm
listen carefully: you will lose everything that matters to you you've been warned,threat,en,augment_template_v3,synthetic_llm
i am going to take you apart piece by piece you've been warned,threat,en,augment_template_v3,synthetic_llm
last warning: i am going to take you apart piece by piece this is the last thing i'll say before i act,threat,en,augment_template_v3,synthetic_llm
listen carefully: i will make every day harder than the last don't say i didn't warn you,threat,en,augment_template_v3,synthetic_llm
understand this: i am going to destroy everything you worked for this was your choice,threat,en,augment_template_v3,synthetic_llm
pay attention: i am going to destroy everything you worked for,threat,en,augment_template_v3,synthetic_llm
hear me: i will make every day harder than the last this is the last thing i'll say before i act,threat,en,augment_template_v3,synthetic_llm
last warning: you will not escape what you've set in motion i'll enjoy every second of it,threat,en,augment_template_v3,synthetic_llm
i will not stop until you've lost everything you have no one to blame but yourself,threat,en,augment_template_v3,synthetic_llm
make no mistake: i will expose you completely and permanently,threat,en,augment_template_v3,synthetic_llm
listen carefully: i will come for you in every arena that matters to you good luck — you'll need it,threat,en,augment_template_v3,synthetic_llm
pay attention: i am going to dedicate myself to your suffering the clock is running,threat,en,augment_template_v3,synthetic_llm
hear me: i will not stop until you've lost everything you've been warned,threat,en,augment_template_v3,synthetic_llm
pay attention: you are going to regret every single decision that led to this consider your next move carefully,threat,en,augment_template_v3,synthetic_llm
hear me: i promise you a level of pain you haven't imagined this is the last thing i'll say before i act,threat,en,augment_template_v3,synthetic_llm
hear me: you are in my crosshairs and i don't miss,threat,en,augment_template_v3,synthetic_llm
last warning: you are going to feel this for a very long time consider your next move carefully,threat,en,augment_template_v3,synthetic_llm
for the record: i am going to destroy everything you worked for you should've thought about this earlier,threat,en,augment_template_v3,synthetic_llm
pay attention: i am going to reduce everything you are to rubble you have no one to blame but yourself,threat,en,augment_template_v3,synthetic_llm
hear me: you will not escape what you've set in motion don't say i didn't warn you,threat,en,augment_template_v3,synthetic_llm
pay attention: i am going to make your life unbearable i'll enjoy every second of it,threat,en,augment_template_v3,synthetic_llm
i'm saying this once: i am going to dedicate myself to your suffering i'll enjoy every second of it,threat,en,augment_template_v3,synthetic_llm
pay attention: i am going to reduce everything you are to rubble this is the last thing i'll say before i act,threat,en,augment_template_v3,synthetic_llm
listen carefully: i am going to take you apart piece by piece you have no one to blame but yourself,threat,en,augment_template_v3,synthetic_llm
final notice: i will make sure you never forget my name don't say i didn't warn you,threat,en,augment_template_v3,synthetic_llm
i am going to reduce everything you are to rubble you've been warned,threat,en,augment_template_v3,synthetic_llm
pay attention: i am going to destroy everything you worked for the clock is running,threat,en,augment_template_v3,synthetic_llm
final notice: i am going to make your life unbearable,threat,en,augment_template_v3,synthetic_llm
pay attention: i am going to dedicate myself to your suffering you should've thought about this earlier,threat,en,augment_template_v3,synthetic_llm
for the record: there are no limits to what i'm willing to do to you you've been warned,threat,en,augment_template_v3,synthetic_llm
understand this: you are in my crosshairs and i don't miss consider your next move carefully,threat,en,augment_template_v3,synthetic_llm
last warning: i will not stop until you've lost everything this was your choice,threat,en,augment_template_v3,synthetic_llm
make no mistake: i will come for you in every arena that matters to you the clock is running,threat,en,augment_template_v3,synthetic_llm
understand this: the pain you've caused me multiplied is what you're owed you've been warned,threat,en,augment_template_v3,synthetic_llm
final notice: i am going to hunt you across every platform you use you've been warned,threat,en,augment_template_v3,synthetic_llm
make no mistake: i am going to hunt you across every platform you use good luck — you'll need it,threat,en,augment_template_v3,synthetic_llm
you will wish you'd never been born by the time i'm finished,threat,en,augment_template_v3,synthetic_llm
listen carefully: i am going to take you apart piece by piece this is the last thing i'll say before i act,threat,en,augment_template_v3,synthetic_llm
listen carefully: you are going to feel this for a very long time i'll enjoy every second of it,threat,en,augment_template_v3,synthetic_llm
make no mistake: i will be the reason you can't sleep at night,threat,en,augment_template_v3,synthetic_llm
hear me: you will not come out of this okay consider your next move carefully,threat,en,augment_template_v3,synthetic_llm
listen carefully: i will leave nothing of the life you've built consider your next move carefully,threat,en,augment_template_v3,synthetic_llm
final notice: i promise you a level of pain you haven't imagined consider your next move carefully,threat,en,augment_template_v3,synthetic_llm
final notice: i am going to take you apart piece by piece you have no one to blame but yourself,threat,en,augment_template_v3,synthetic_llm
make no mistake: i am going to hunt you across every platform you use don't say i didn't warn you,threat,en,augment_template_v3,synthetic_llm
i'm saying this once: i will come for you in every arena that matters to you you've been warned,threat,en,augment_template_v3,synthetic_llm
i will leave nothing of the life you've built you should've thought about this earlier,threat,en,augment_template_v3,synthetic_llm
last warning: i will be your worst memory you have no one to blame but yourself,threat,en,augment_template_v3,synthetic_llm
final notice: there is no version of this where you come out okay you've been warned,threat,en,augment_template_v3,synthetic_llm
for the record: i will rip apart your reputation one piece at a time i'll enjoy every second of it,threat,en,augment_template_v3,synthetic_llm
for the record: you are going to regret every single decision that led to this this was your choice,threat,en,augment_template_v3,synthetic_llm
hear me: what i do to you will be unforgettable consider your next move carefully,threat,en,augment_template_v3,synthetic_llm
i'm saying this once: the damage i inflict will not be reversible you've been warned,threat,en,augment_template_v3,synthetic_llm
final notice: you will not escape what you've set in motion this is the last thing i'll say before i act,threat,en,augment_template_v3,synthetic_llm
final notice: i am going to take you apart piece by piece this is the last thing i'll say before i act,threat,en,augment_template_v3,synthetic_llm
understand this: you will wish you'd never been born by the time i'm finished the clock is running,threat,en,augment_template_v3,synthetic_llm
listen carefully: i will be your worst memory the clock is running,threat,en,augment_template_v3,synthetic_llm
last warning: the pain you've caused me multiplied is what you're owed you've been warned,threat,en,augment_template_v3,synthetic_llm
pay attention: you will lose everything that matters to you you should've thought about this earlier,threat,en,augment_template_v3,synthetic_llm
for the record: you will not come out of this okay,threat,en,augment_template_v3,synthetic_llm
listen carefully: i will expose you completely and permanently,threat,en,augment_template_v3,synthetic_llm
pay attention: i am going to make your life unbearable consider your next move carefully,threat,en,augment_template_v3,synthetic_llm
listen carefully: i will not stop until you've lost everything you've been warned,threat,en,augment_template_v3,synthetic_llm
last warning: i promise you a level of pain you haven't imagined this is the last thing i'll say before i act,threat,en,augment_template_v3,synthetic_llm
understand this: there is no version of this where you come out okay don't say i didn't warn you,threat,en,augment_template_v3,synthetic_llm
understand this: you will wish you'd never been born by the time i'm finished you've been warned,threat,en,augment_template_v3,synthetic_llm
for the record: i will expose you completely and permanently i'll enjoy every second of it,threat,en,augment_template_v3,synthetic_llm
i am going to make your life unbearable consider your next move carefully,threat,en,augment_template_v3,synthetic_llm
understand this: what i do to you will be unforgettable you have no one to blame but yourself,threat,en,augment_template_v3,synthetic_llm
understand this: the pain you've caused me multiplied is what you're owed good luck — you'll need it,threat,en,augment_template_v3,synthetic_llm
final notice: i am going to dedicate myself to your suffering,threat,en,augment_template_v3,synthetic_llm
hear me: there is no version of this where you come out okay this is the last thing i'll say before i act,threat,en,augment_template_v3,synthetic_llm
make no mistake: i will expose you completely and permanently i'll enjoy every second of it,threat,en,augment_template_v3,synthetic_llm
understand this: i am going to dedicate myself to your suffering you have no one to blame but yourself,threat,en,augment_template_v3,synthetic_llm
listen carefully: i will rip apart your reputation one piece at a time this is the last thing i'll say before i act,threat,en,augment_template_v3,synthetic_llm
i'm saying this once: you will wish you'd never been born by the time i'm finished good luck — you'll need it,threat,en,augment_template_v3,synthetic_llm
i'm saying this once: i will make sure you never forget my name you should've thought about this earlier,threat,en,augment_template_v3,synthetic_llm
last warning: i am going to reduce everything you are to rubble you have no one to blame but yourself,threat,en,augment_template_v3,synthetic_llm
i'm saying this once: you will not escape what you've set in motion you should've thought about this earlier,threat,en,augment_template_v3,synthetic_llm
understand this: i will make every day harder than the last you have no one to blame but yourself,threat,en,augment_template_v3,synthetic_llm
hear me: i will leave nothing of the life you've built this was your choice,threat,en,augment_template_v3,synthetic_llm
i will come for you in every arena that matters to you i'll enjoy every second of it,threat,en,augment_template_v3,synthetic_llm
final notice: i am going to dedicate myself to your suffering this was your choice,threat,en,augment_template_v3,synthetic_llm
make no mistake: there is no version of this where you come out okay,threat,en,augment_template_v3,synthetic_llm
final notice: i will make every day harder than the last,threat,en,augment_template_v3,synthetic_llm
hear me: i will leave nothing of the life you've built you've been warned,threat,en,augment_template_v3,synthetic_llm
final notice: what happens to you next is fully in my hands consider your next move carefully,threat,en,augment_template_v3,synthetic_llm
what i do to you will be unforgettable you should've thought about this earlier,threat,en,augment_template_v3,synthetic_llm
final notice: i am going to reduce everything you are to rubble the clock is running,threat,en,augment_template_v3,synthetic_llm
hear me: i am going to destroy everything you worked for good luck — you'll need it,threat,en,augment_template_v3,synthetic_llm
final notice: there are no limits to what i'm willing to do to you i'll enjoy every second of it,threat,en,augment_template_v3,synthetic_llm
for the record: i will rip apart your reputation one piece at a time this is the last thing i'll say before i act,threat,en,augment_template_v3,synthetic_llm
for the record: you will not come out of this okay i'll enjoy every second of it,threat,en,augment_template_v3,synthetic_llm
make no mistake: i am going to dedicate myself to your suffering,threat,en,augment_template_v3,synthetic_llm
you will lose everything that matters to you i'll enjoy every second of it,threat,en,augment_template_v3,synthetic_llm
pay attention: i am going to destroy everything you worked for you have no one to blame but yourself,threat,en,augment_template_v3,synthetic_llm
listen carefully: you will wish you'd never been born by the time i'm finished this is the last thing i'll say before i act,threat,en,augment_template_v3,synthetic_llm
the consequences for you will be severe and lasting you should've thought about this earlier,threat,en,augment_template_v3,synthetic_llm
understand this: i am going to hunt you across every platform you use you have no one to blame but yourself,threat,en,augment_template_v3,synthetic_llm
last warning: you will lose everything that matters to you consider your next move carefully,threat,en,augment_template_v3,synthetic_llm
for the record: i promise you a level of pain you haven't imagined you have no one to blame but yourself,threat,en,augment_template_v3,synthetic_llm
for the record: you are in my crosshairs and i don't miss you should've thought about this earlier,threat,en,augment_template_v3,synthetic_llm
you are in my crosshairs and i don't miss you have no one to blame but yourself,threat,en,augment_template_v3,synthetic_llm
last warning: i will be your worst memory,threat,en,augment_template_v3,synthetic_llm
understand this: you will lose everything that matters to you,threat,en,augment_template_v3,synthetic_llm
last warning: you are in my crosshairs and i don't miss you should've thought about this earlier,threat,en,augment_template_v3,synthetic_llm
for the record: i will be your worst memory consider your next move carefully,threat,en,augment_template_v3,synthetic_llm
final notice: what i do to you will be unforgettable,threat,en,augment_template_v3,synthetic_llm
pay attention: there are no limits to what i'm willing to do to you consider your next move carefully,threat,en,augment_template_v3,synthetic_llm
pay attention: i will be your worst memory don't say i didn't warn you,threat,en,augment_template_v3,synthetic_llm
pay attention: what i do to you will be unforgettable this was your choice,threat,en,augment_template_v3,synthetic_llm
pay attention: i am going to destroy everything you worked for this is the last thing i'll say before i act,threat,en,augment_template_v3,synthetic_llm
i will be the reason you can't sleep at night consider your next move carefully,threat,en,augment_template_v3,synthetic_llm
for the record: what i do to you will be unforgettable don't say i didn't warn you,threat,en,augment_template_v3,synthetic_llm
pay attention: the consequences for you will be severe and lasting you've been warned,threat,en,augment_template_v3,synthetic_llm
understand this: i am going to reduce everything you are to rubble,threat,en,augment_template_v3,synthetic_llm
hear me: i will make sure you never forget my name you've been warned,threat,en,augment_template_v3,synthetic_llm
i am going to destroy everything you worked for you have no one to blame but yourself,threat,en,augment_template_v3,synthetic_llm
last warning: you are going to feel this for a very long time good luck — you'll need it,threat,en,augment_template_v3,synthetic_llm
understand this: i am going to take you apart piece by piece this is the last thing i'll say before i act,threat,en,augment_template_v3,synthetic_llm
last warning: you will wish you'd never been born by the time i'm finished you should've thought about this earlier,threat,en,augment_template_v3,synthetic_llm
final notice: what happens to you next is fully in my hands good luck — you'll need it,threat,en,augment_template_v3,synthetic_llm
pay attention: you are in my crosshairs and i don't miss this was your choice,threat,en,augment_template_v3,synthetic_llm
for the record: i am going to hunt you across every platform you use this is the last thing i'll say before i act,threat,en,augment_template_v3,synthetic_llm
i'm saying this once: i am going to reduce everything you are to rubble i'll enjoy every second of it,threat,en,augment_template_v3,synthetic_llm
pay attention: i will leave nothing of the life you've built the clock is running,threat,en,augment_template_v3,synthetic_llm
hear me: you are going to feel this for a very long time,threat,en,augment_template_v3,synthetic_llm
hear me: you will wish you'd never been born by the time i'm finished you should've thought about this earlier,threat,en,augment_template_v3,synthetic_llm
pay attention: what i do to you will be unforgettable good luck — you'll need it,threat,en,augment_template_v3,synthetic_llm
final notice: i am going to dedicate myself to your suffering don't say i didn't warn you,threat,en,augment_template_v3,synthetic_llm
hear me: there are no limits to what i'm willing to do to you i'll enjoy every second of it,threat,en,augment_template_v3,synthetic_llm
for the record: what i do to you will be unforgettable,threat,en,augment_template_v3,synthetic_llm
i am going to take you apart piece by piece good luck — you'll need it,threat,en,augment_template_v3,synthetic_llm
hear me: i am going to dedicate myself to your suffering you should've thought about this earlier,threat,en,augment_template_v3,synthetic_llm
understand this: what i do to you will be unforgettable i'll enjoy every second of it,threat,en,augment_template_v3,synthetic_llm
i am going to hunt you across every platform you use don't say i didn't warn you,threat,en,augment_template_v3,synthetic_llm
you will lose everything that matters to you don't say i didn't warn you,threat,en,augment_template_v3,synthetic_llm
i'm saying this once: i will make sure you never forget my name the clock is running,threat,en,augment_template_v3,synthetic_llm
make no mistake: the consequences for you will be severe and lasting consider your next move carefully,threat,en,augment_template_v3,synthetic_llm
understand this: the consequences for you will be severe and lasting i'll enjoy every second of it,threat,en,augment_template_v3,synthetic_llm
i'm saying this once: i will be the reason you can't sleep at night,threat,en,augment_template_v3,synthetic_llm
understand this: what i do to you will be unforgettable this is the last thing i'll say before i act,threat,en,augment_template_v3,synthetic_llm
final notice: you are going to feel this for a very long time,threat,en,augment_template_v3,synthetic_llm
hear me: i promise you a level of pain you haven't imagined,threat,en,augment_template_v3,synthetic_llm
make no mistake: you are going to feel this for a very long time,threat,en,augment_template_v3,synthetic_llm
i'm saying this once: you will wish you'd never been born by the time i'm finished this is the last thing i'll say before i act,threat,en,augment_template_v3,synthetic_llm
for the record: i will be the reason you can't sleep at night the clock is running,threat,en,augment_template_v3,synthetic_llm
last warning: i will come for you in every arena that matters to you this is the last thing i'll say before i act,threat,en,augment_template_v3,synthetic_llm
make no mistake: you are going to feel this for a very long time you have no one to blame but yourself,threat,en,augment_template_v3,synthetic_llm
understand this: i will make every day harder than the last,threat,en,augment_template_v3,synthetic_llm
last warning: i will expose you completely and permanently you have no one to blame but yourself,threat,en,augment_template_v3,synthetic_llm
listen carefully: i will leave nothing of the life you've built this is the last thing i'll say before i act,threat,en,augment_template_v3,synthetic_llm
last warning: i will be your worst memory good luck — you'll need it,threat,en,augment_template_v3,synthetic_llm
for the record: what happens to you next is fully in my hands good luck — you'll need it,threat,en,augment_template_v3,synthetic_llm
understand this: you will not come out of this okay you should've thought about this earlier,threat,en,augment_template_v3,synthetic_llm
i'm saying this once: you will lose everything that matters to you this is the last thing i'll say before i act,threat,en,augment_template_v3,synthetic_llm
understand this: i will not stop until you've lost everything consider your next move carefully,threat,en,augment_template_v3,synthetic_llm
i will rip apart your reputation one piece at a time i'll enjoy every second of it,threat,en,augment_template_v3,synthetic_llm
final notice: what happens to you next is fully in my hands don't say i didn't warn you,threat,en,augment_template_v3,synthetic_llm
for the record: you are going to feel this for a very long time you have no one to blame but yourself,threat,en,augment_template_v3,synthetic_llm
i'm saying this once: i will rip apart your reputation one piece at a time you should've thought about this earlier,threat,en,augment_template_v3,synthetic_llm
make no mistake: i will make every day harder than the last good luck — you'll need it,threat,en,augment_template_v3,synthetic_llm
for the record: i will come for you in every arena that matters to you you've been warned,threat,en,augment_template_v3,synthetic_llm
hear me: you will not escape what you've set in motion this was your choice,threat,en,augment_template_v3,synthetic_llm
pay attention: the consequences for you will be severe and lasting i'll enjoy every second of it,threat,en,augment_template_v3,synthetic_llm
make no mistake: i promise you a level of pain you haven't imagined don't say i didn't warn you,threat,en,augment_template_v3,synthetic_llm
listen carefully: i promise you a level of pain you haven't imagined don't say i didn't warn you,threat,en,augment_template_v3,synthetic_llm
for the record: i am going to take you apart piece by piece this was your choice,threat,en,augment_template_v3,synthetic_llm
final notice: there is no version of this where you come out okay you have no one to blame but yourself,threat,en,augment_template_v3,synthetic_llm
i'm saying this once: the consequences for you will be severe and lasting the clock is running,threat,en,augment_template_v3,synthetic_llm
listen carefully: there is no version of this where you come out okay consider your next move carefully,threat,en,augment_template_v3,synthetic_llm
for the record: there are no limits to what i'm willing to do to you you have no one to blame but yourself,threat,en,augment_template_v3,synthetic_llm
listen carefully: i will be your worst memory this is the last thing i'll say before i act,threat,en,augment_template_v3,synthetic_llm
understand this: i am going to dedicate myself to your suffering this is the last thing i'll say before i act,threat,en,augment_template_v3,synthetic_llm
i'm saying this once: the pain you've caused me multiplied is what you're owed you have no one to blame but yourself,threat,en,augment_template_v3,synthetic_llm
hear me: i will come for you in every arena that matters to you i'll enjoy every second of it,threat,en,augment_template_v3,synthetic_llm
hear me: i am going to take you apart piece by piece consider your next move carefully,threat,en,augment_template_v3,synthetic_llm
for the record: you are in my crosshairs and i don't miss consider your next move carefully,threat,en,augment_template_v3,synthetic_llm
pay attention: you are going to feel this for a very long time i'll enjoy every second of it,threat,en,augment_template_v3,synthetic_llm
listen carefully: i am going to reduce everything you are to rubble this was your choice,threat,en,augment_template_v3,synthetic_llm
listen carefully: i will expose you completely and permanently i'll enjoy every second of it,threat,en,augment_template_v3,synthetic_llm
i'm saying this once: i am going to take you apart piece by piece consider your next move carefully,threat,en,augment_template_v3,synthetic_llm
last warning: i will make every day harder than the last this was your choice,threat,en,augment_template_v3,synthetic_llm
i'm saying this once: i will be your worst memory you've been warned,threat,en,augment_template_v3,synthetic_llm
i'm saying this once: i am going to reduce everything you are to rubble,threat,en,augment_template_v3,synthetic_llm
final notice: there is no version of this where you come out okay you should've thought about this earlier,threat,en,augment_template_v3,synthetic_llm
i'm saying this once: i will make every day harder than the last you've been warned,threat,en,augment_template_v3,synthetic_llm
final notice: you are going to regret every single decision that led to this the clock is running,threat,en,augment_template_v3,synthetic_llm
hear me: what happens to you next is fully in my hands this is the last thing i'll say before i act,threat,en,augment_template_v3,synthetic_llm
understand this: i am going to hunt you across every platform you use you've been warned,threat,en,augment_template_v3,synthetic_llm
pay attention: i am going to hunt you across every platform you use you should've thought about this earlier,threat,en,augment_template_v3,synthetic_llm
final notice: i am going to take you apart piece by piece,threat,en,augment_template_v3,synthetic_llm
last warning: i am going to destroy everything you worked for you should've thought about this earlier,threat,en,augment_template_v3,synthetic_llm
hear me: i will make every day harder than the last the clock is running,threat,en,augment_template_v3,synthetic_llm
pay attention: i will make sure you never forget my name this was your choice,threat,en,augment_template_v3,synthetic_llm
i'm saying this once: what happens to you next is fully in my hands this was your choice,threat,en,augment_template_v3,synthetic_llm
listen carefully: you are in my crosshairs and i don't miss consider your next move carefully,threat,en,augment_template_v3,synthetic_llm
last warning: what i do to you will be unforgettable you should've thought about this earlier,threat,en,augment_template_v3,synthetic_llm
pay attention: i will make sure you never forget my name you've been warned,threat,en,augment_template_v3,synthetic_llm
listen carefully: i am going to reduce everything you are to rubble,threat,en,augment_template_v3,synthetic_llm
understand this: i will not stop until you've lost everything you should've thought about this earlier,threat,en,augment_template_v3,synthetic_llm
for the record: what i do to you will be unforgettable the clock is running,threat,en,augment_template_v3,synthetic_llm
final notice: you will wish you'd never been born by the time i'm finished,threat,en,augment_template_v3,synthetic_llm
for the record: i am going to destroy everything you worked for i'll enjoy every second of it,threat,en,augment_template_v3,synthetic_llm
last warning: what happens to you next is fully in my hands you've been warned,threat,en,augment_template_v3,synthetic_llm
final notice: i will come for you in every arena that matters to you good luck — you'll need it,threat,en,augment_template_v3,synthetic_llm
last warning: i will make every day harder than the last don't say i didn't warn you,threat,en,augment_template_v3,synthetic_llm
last warning: i am going to reduce everything you are to rubble this was your choice,threat,en,augment_template_v3,synthetic_llm
what i do to you will be unforgettable this is the last thing i'll say before i act,threat,en,augment_template_v3,synthetic_llm
hear me: you are going to regret every single decision that led to this you have no one to blame but yourself,threat,en,augment_template_v3,synthetic_llm
listen carefully: i promise you a level of pain you haven't imagined you have no one to blame but yourself,threat,en,augment_template_v3,synthetic_llm
pay attention: the pain you've caused me multiplied is what you're owed you should've thought about this earlier,threat,en,augment_template_v3,synthetic_llm
listen carefully: i promise you a level of pain you haven't imagined the clock is running,threat,en,augment_template_v3,synthetic_llm
last warning: i am going to destroy everything you worked for good luck — you'll need it,threat,en,augment_template_v3,synthetic_llm
i'm saying this once: i am going to destroy everything you worked for consider your next move carefully,threat,en,augment_template_v3,synthetic_llm
for the record: i am going to dedicate myself to your suffering this was your choice,threat,en,augment_template_v3,synthetic_llm
i'm saying this once: you will not escape what you've set in motion i'll enjoy every second of it,threat,en,augment_template_v3,synthetic_llm
for the record: i am going to hunt you across every platform you use the clock is running,threat,en,augment_template_v3,synthetic_llm
final notice: you are going to regret every single decision that led to this this was your choice,threat,en,augment_template_v3,synthetic_llm
hear me: i will leave nothing of the life you've built consider your next move carefully,threat,en,augment_template_v3,synthetic_llm
understand this: you are going to regret every single decision that led to this good luck — you'll need it,threat,en,augment_template_v3,synthetic_llm
understand this: i am going to hunt you across every platform you use,threat,en,augment_template_v3,synthetic_llm
make no mistake: you will not escape what you've set in motion you've been warned,threat,en,augment_template_v3,synthetic_llm
listen carefully: i am going to dedicate myself to your suffering you've been warned,threat,en,augment_template_v3,synthetic_llm
i will rip apart your reputation one piece at a time this was your choice,threat,en,augment_template_v3,synthetic_llm
final notice: i will come for you in every arena that matters to you you've been warned,threat,en,augment_template_v3,synthetic_llm
pay attention: the damage i inflict will not be reversible don't say i didn't warn you,threat,en,augment_template_v3,synthetic_llm
pay attention: you will not escape what you've set in motion good luck — you'll need it,threat,en,augment_template_v3,synthetic_llm
understand this: i am going to dedicate myself to your suffering you've been warned,threat,en,augment_template_v3,synthetic_llm
i'm saying this once: i will not stop until you've lost everything the clock is running,threat,en,augment_template_v3,synthetic_llm
pay attention: the pain you've caused me multiplied is what you're owed consider your next move carefully,threat,en,augment_template_v3,synthetic_llm
last warning: i will rip apart your reputation one piece at a time this was your choice,threat,en,augment_template_v3,synthetic_llm
for the record: i am going to make your life unbearable you have no one to blame but yourself,threat,en,augment_template_v3,synthetic_llm
pay attention: what i do to you will be unforgettable don't say i didn't warn you,threat,en,augment_template_v3,synthetic_llm
final notice: the damage i inflict will not be reversible you've been warned,threat,en,augment_template_v3,synthetic_llm
for the record: i will not stop until you've lost everything this was your choice,threat,en,augment_template_v3,synthetic_llm
listen carefully: the damage i inflict will not be reversible you've been warned,threat,en,augment_template_v3,synthetic_llm
make no mistake: i am going to reduce everything you are to rubble i'll enjoy every second of it,threat,en,augment_template_v3,synthetic_llm
make no mistake: i am going to take you apart piece by piece this was your choice,threat,en,augment_template_v3,synthetic_llm
for the record: you are going to regret every single decision that led to this the clock is running,threat,en,augment_template_v3,synthetic_llm
hear me: i will expose you completely and permanently i'll enjoy every second of it,threat,en,augment_template_v3,synthetic_llm
final notice: i am going to make your life unbearable consider your next move carefully,threat,en,augment_template_v3,synthetic_llm
i'm saying this once: you will wish you'd never been born by the time i'm finished consider your next move carefully,threat,en,augment_template_v3,synthetic_llm
understand this: i am going to dedicate myself to your suffering don't say i didn't warn you,threat,en,augment_template_v3,synthetic_llm
understand this: there are no limits to what i'm willing to do to you,threat,en,augment_template_v3,synthetic_llm
i'm saying this once: i will expose you completely and permanently i'll enjoy every second of it,threat,en,augment_template_v3,synthetic_llm
understand this: i promise you a level of pain you haven't imagined consider your next move carefully,threat,en,augment_template_v3,synthetic_llm
make no mistake: you are going to regret every single decision that led to this this was your choice,threat,en,augment_template_v3,synthetic_llm
hear me: i will expose you completely and permanently good luck — you'll need it,threat,en,augment_template_v3,synthetic_llm
listen carefully: i am going to reduce everything you are to rubble you have no one to blame but yourself,threat,en,augment_template_v3,synthetic_llm
understand this: you will not escape what you've set in motion this is the last thing i'll say before i act,threat,en,augment_template_v3,synthetic_llm
you are going to feel this for a very long time don't say i didn't warn you,threat,en,augment_template_v3,synthetic_llm
i'm saying this once: i will not stop until you've lost everything consider your next move carefully,threat,en,augment_template_v3,synthetic_llm
i will rip apart your reputation one piece at a time this is the last thing i'll say before i act,threat,en,augment_template_v3,synthetic_llm
pay attention: i will leave nothing of the life you've built you've been warned,threat,en,augment_template_v3,synthetic_llm
listen carefully: i promise you a level of pain you haven't imagined you should've thought about this earlier,threat,en,augment_template_v3,synthetic_llm
for the record: what happens to you next is fully in my hands you should've thought about this earlier,threat,en,augment_template_v3,synthetic_llm
last warning: there is no version of this where you come out okay this was your choice,threat,en,augment_template_v3,synthetic_llm
i'm saying this once: what happens to you next is fully in my hands you've been warned,threat,en,augment_template_v3,synthetic_llm
i will be your worst memory,threat,en,augment_template_v3,synthetic_llm
for the record: you are in my crosshairs and i don't miss i'll enjoy every second of it,threat,en,augment_template_v3,synthetic_llm
make no mistake: the consequences for you will be severe and lasting i'll enjoy every second of it,threat,en,augment_template_v3,synthetic_llm
hear me: i am going to destroy everything you worked for this was your choice,threat,en,augment_template_v3,synthetic_llm
listen carefully: you are in my crosshairs and i don't miss you've been warned,threat,en,augment_template_v3,synthetic_llm
i am going to hunt you across every platform you use,threat,en,augment_template_v3,synthetic_llm
last warning: you will not come out of this okay you should've thought about this earlier,threat,en,augment_template_v3,synthetic_llm
final notice: you will not come out of this okay you've been warned,threat,en,augment_template_v3,synthetic_llm
make no mistake: what i do to you will be unforgettable i'll enjoy every second of it,threat,en,augment_template_v3,synthetic_llm
understand this: i will come for you in every arena that matters to you you should've thought about this earlier,threat,en,augment_template_v3,synthetic_llm
listen carefully: i will rip apart your reputation one piece at a time you should've thought about this earlier,threat,en,augment_template_v3,synthetic_llm
final notice: you will not escape what you've set in motion the clock is running,threat,en,augment_template_v3,synthetic_llm
listen carefully: i am going to reduce everything you are to rubble good luck — you'll need it,threat,en,augment_template_v3,synthetic_llm
understand this: i am going to dedicate myself to your suffering you should've thought about this earlier,threat,en,augment_template_v3,synthetic_llm
hear me: i will be the reason you can't sleep at night,threat,en,augment_template_v3,synthetic_llm
make no mistake: the damage i inflict will not be reversible the clock is running,threat,en,augment_template_v3,synthetic_llm
last warning: you will lose everything that matters to you this was your choice,threat,en,augment_template_v3,synthetic_llm
for the record: i will be your worst memory you should've thought about this earlier,threat,en,augment_template_v3,synthetic_llm
hear me: i am going to dedicate myself to your suffering this is the last thing i'll say before i act,threat,en,augment_template_v3,synthetic_llm
make no mistake: i will come for you in every arena that matters to you this is the last thing i'll say before i act,threat,en,augment_template_v3,synthetic_llm
i am going to dedicate myself to your suffering this is the last thing i'll say before i act,threat,en,augment_template_v3,synthetic_llm
last warning: you will wish you'd never been born by the time i'm finished,threat,en,augment_template_v3,synthetic_llm
the pain you've caused me multiplied is what you're owed consider your next move carefully,threat,en,augment_template_v3,synthetic_llm
final notice: i will be your worst memory you have no one to blame but yourself,threat,en,augment_template_v3,synthetic_llm
listen carefully: you will wish you'd never been born by the time i'm finished this was your choice,threat,en,augment_template_v3,synthetic_llm
final notice: you are going to regret every single decision that led to this don't say i didn't warn you,threat,en,augment_template_v3,synthetic_llm
final notice: i am going to make your life unbearable i'll enjoy every second of it,threat,en,augment_template_v3,synthetic_llm
last warning: i will be your worst memory i'll enjoy every second of it,threat,en,augment_template_v3,synthetic_llm
hear me: the consequences for you will be severe and lasting this was your choice,threat,en,augment_template_v3,synthetic_llm
for the record: you are going to regret every single decision that led to this i'll enjoy every second of it,threat,en,augment_template_v3,synthetic_llm
listen carefully: you are in my crosshairs and i don't miss,threat,en,augment_template_v3,synthetic_llm
last warning: you are going to regret every single decision that led to this this was your choice,threat,en,augment_template_v3,synthetic_llm
listen carefully: you will not come out of this okay i'll enjoy every second of it,threat,en,augment_template_v3,synthetic_llm
for the record: the pain you've caused me multiplied is what you're owed this is the last thing i'll say before i act,threat,en,augment_template_v3,synthetic_llm
make no mistake: there are no limits to what i'm willing to do to you this was your choice,threat,en,augment_template_v3,synthetic_llm
understand this: i promise you a level of pain you haven't imagined you have no one to blame but yourself,threat,en,augment_template_v3,synthetic_llm
final notice: you will wish you'd never been born by the time i'm finished consider your next move carefully,threat,en,augment_template_v3,synthetic_llm
final notice: i will make sure you never forget my name you have no one to blame but yourself,threat,en,augment_template_v3,synthetic_llm
understand this: i will be the reason you can't sleep at night the clock is running,threat,en,augment_template_v3,synthetic_llm
make no mistake: the pain you've caused me multiplied is what you're owed this was your choice,threat,en,augment_template_v3,synthetic_llm
understand this: i will rip apart your reputation one piece at a time this was your choice,threat,en,augment_template_v3,synthetic_llm
make no mistake: there are no limits to what i'm willing to do to you you have no one to blame but yourself,threat,en,augment_template_v3,synthetic_llm
for the record: i am going to reduce everything you are to rubble you should've thought about this earlier,threat,en,augment_template_v3,synthetic_llm
make no mistake: i will not stop until you've lost everything you should've thought about this earlier,threat,en,augment_template_v3,synthetic_llm
for the record: i am going to dedicate myself to your suffering you have no one to blame but yourself,threat,en,augment_template_v3,synthetic_llm
pay attention: you will lose everything that matters to you this was your choice,threat,en,augment_template_v3,synthetic_llm
hear me: the pain you've caused me multiplied is what you're owed you should've thought about this earlier,threat,en,augment_template_v3,synthetic_llm
hear me: the consequences for you will be severe and lasting i'll enjoy every second of it,threat,en,augment_template_v3,synthetic_llm
you are going to regret every single decision that led to this don't say i didn't warn you,threat,en,augment_template_v3,synthetic_llm
last warning: i am going to make your life unbearable the clock is running,threat,en,augment_template_v3,synthetic_llm
for the record: you will not escape what you've set in motion i'll enjoy every second of it,threat,en,augment_template_v3,synthetic_llm
pay attention: there are no limits to what i'm willing to do to you you've been warned,threat,en,augment_template_v3,synthetic_llm
you will not escape what you've set in motion you should've thought about this earlier,threat,en,augment_template_v3,synthetic_llm
listen carefully: you are going to feel this for a very long time you should've thought about this earlier,threat,en,augment_template_v3,synthetic_llm
i'm saying this once: you will lose everything that matters to you the clock is running,threat,en,augment_template_v3,synthetic_llm
i am going to take you apart piece by piece you have no one to blame but yourself,threat,en,augment_template_v3,synthetic_llm
listen carefully: i will leave nothing of the life you've built you should've thought about this earlier,threat,en,augment_template_v3,synthetic_llm
make no mistake: i will expose you completely and permanently you've been warned,threat,en,augment_template_v3,synthetic_llm
make no mistake: what i do to you will be unforgettable,threat,en,augment_template_v3,synthetic_llm
understand this: i will leave nothing of the life you've built consider your next move carefully,threat,en,augment_template_v3,synthetic_llm
final notice: i will not stop until you've lost everything don't say i didn't warn you,threat,en,augment_template_v3,synthetic_llm
make no mistake: i will not stop until you've lost everything don't say i didn't warn you,threat,en,augment_template_v3,synthetic_llm
pay attention: i am going to take you apart piece by piece i'll enjoy every second of it,threat,en,augment_template_v3,synthetic_llm
final notice: you are going to regret every single decision that led to this i'll enjoy every second of it,threat,en,augment_template_v3,synthetic_llm
listen carefully: i will rip apart your reputation one piece at a time i'll enjoy every second of it,threat,en,augment_template_v3,synthetic_llm
listen carefully: what i do to you will be unforgettable consider your next move carefully,threat,en,augment_template_v3,synthetic_llm
last warning: the pain you've caused me multiplied is what you're owed the clock is running,threat,en,augment_template_v3,synthetic_llm
pay attention: you will not come out of this okay i'll enjoy every second of it,threat,en,augment_template_v3,synthetic_llm
make no mistake: i am going to reduce everything you are to rubble don't say i didn't warn you,threat,en,augment_template_v3,synthetic_llm
pay attention: i will be the reason you can't sleep at night you should've thought about this earlier,threat,en,augment_template_v3,synthetic_llm
for the record: you are going to regret every single decision that led to this consider your next move carefully,threat,en,augment_template_v3,synthetic_llm
for the record: you will wish you'd never been born by the time i'm finished you should've thought about this earlier,threat,en,augment_template_v3,synthetic_llm
i will come for you in every arena that matters to you consider your next move carefully,threat,en,augment_template_v3,synthetic_llm
hear me: the consequences for you will be severe and lasting good luck — you'll need it,threat,en,augment_template_v3,synthetic_llm
make no mistake: you are going to feel this for a very long time don't say i didn't warn you,threat,en,augment_template_v3,synthetic_llm
listen carefully: i am going to destroy everything you worked for,threat,en,augment_template_v3,synthetic_llm
hear me: the damage i inflict will not be reversible this is the last thing i'll say before i act,threat,en,augment_template_v3,synthetic_llm
make no mistake: i am going to take you apart piece by piece good luck — you'll need it,threat,en,augment_template_v3,synthetic_llm
hear me: i will come for you in every arena that matters to you the clock is running,threat,en,augment_template_v3,synthetic_llm
make no mistake: i am going to take you apart piece by piece consider your next move carefully,threat,en,augment_template_v3,synthetic_llm
there are no limits to what i'm willing to do to you,threat,en,augment_template_v3,synthetic_llm
understand this: i will expose you completely and permanently,threat,en,augment_template_v3,synthetic_llm
i'm saying this once: i will expose you completely and permanently don't say i didn't warn you,threat,en,augment_template_v3,synthetic_llm
last warning: the pain you've caused me multiplied is what you're owed you have no one to blame but yourself,threat,en,augment_template_v3,synthetic_llm
last warning: the pain you've caused me multiplied is what you're owed this was your choice,threat,en,augment_template_v3,synthetic_llm
listen carefully: i am going to make your life unbearable you should've thought about this earlier,threat,en,augment_template_v3,synthetic_llm
listen carefully: i will expose you completely and permanently you should've thought about this earlier,threat,en,augment_template_v3,synthetic_llm
hear me: i will make sure you never forget my name this is the last thing i'll say before i act,threat,en,augment_template_v3,synthetic_llm
last warning: you are going to regret every single decision that led to this i'll enjoy every second of it,threat,en,augment_template_v3,synthetic_llm
pay attention: the pain you've caused me multiplied is what you're owed this is the last thing i'll say before i act,threat,en,augment_template_v3,synthetic_llm
pay attention: i will be your worst memory you have no one to blame but yourself,threat,en,augment_template_v3,synthetic_llm
i'm saying this once: i am going to reduce everything you are to rubble this is the last thing i'll say before i act,threat,en,augment_template_v3,synthetic_llm
pay attention: there are no limits to what i'm willing to do to you you should've thought about this earlier,threat,en,augment_template_v3,synthetic_llm
final notice: what happens to you next is fully in my hands you have no one to blame but yourself,threat,en,augment_template_v3,synthetic_llm
i'm saying this once: what happens to you next is fully in my hands you have no one to blame but yourself,threat,en,augment_template_v3,synthetic_llm
pay attention: you will wish you'd never been born by the time i'm finished this was your choice,threat,en,augment_template_v3,synthetic_llm
understand this: the pain you've caused me multiplied is what you're owed i'll enjoy every second of it,threat,en,augment_template_v3,synthetic_llm
hear me: you will wish you'd never been born by the time i'm finished this is the last thing i'll say before i act,threat,en,augment_template_v3,synthetic_llm
last warning: you are going to regret every single decision that led to this don't say i didn't warn you,threat,en,augment_template_v3,synthetic_llm
i will make every day harder than the last,threat,en,augment_template_v3,synthetic_llm
i am going to reduce everything you are to rubble this is the last thing i'll say before i act,threat,en,augment_template_v3,synthetic_llm
listen carefully: you are in my crosshairs and i don't miss the clock is running,threat,en,augment_template_v3,synthetic_llm
i will be the reason you can't sleep at night,threat,en,augment_template_v3,synthetic_llm
last warning: i am going to make your life unbearable you have no one to blame but yourself,threat,en,augment_template_v3,synthetic_llm
i'm saying this once: i promise you a level of pain you haven't imagined good luck — you'll need it,threat,en,augment_template_v3,synthetic_llm
i'm saying this once: there are no limits to what i'm willing to do to you i'll enjoy every second of it,threat,en,augment_template_v3,synthetic_llm
listen carefully: you are going to feel this for a very long time good luck — you'll need it,threat,en,augment_template_v3,synthetic_llm
pay attention: i will make sure you never forget my name you have no one to blame but yourself,threat,en,augment_template_v3,synthetic_llm
make no mistake: i am going to make your life unbearable this was your choice,threat,en,augment_template_v3,synthetic_llm
for the record: the consequences for you will be severe and lasting don't say i didn't warn you,threat,en,augment_template_v3,synthetic_llm
make no mistake: i will not stop until you've lost everything consider your next move carefully,threat,en,augment_template_v3,synthetic_llm
last warning: you will not come out of this okay you've been warned,threat,en,augment_template_v3,synthetic_llm
make no mistake: i will leave nothing of the life you've built you should've thought about this earlier,threat,en,augment_template_v3,synthetic_llm
final notice: the consequences for you will be severe and lasting this is the last thing i'll say before i act,threat,en,augment_template_v3,synthetic_llm
last warning: i am going to make your life unbearable,threat,en,augment_template_v3,synthetic_llm
hear me: i am going to hunt you across every platform you use consider your next move carefully,threat,en,augment_template_v3,synthetic_llm
understand this: what i do to you will be unforgettable good luck — you'll need it,threat,en,augment_template_v3,synthetic_llm
last warning: i am going to reduce everything you are to rubble good luck — you'll need it,threat,en,augment_template_v3,synthetic_llm
i'm saying this once: what i do to you will be unforgettable this was your choice,threat,en,augment_template_v3,synthetic_llm
last warning: you are going to feel this for a very long time this was your choice,threat,en,augment_template_v3,synthetic_llm
listen carefully: i will be your worst memory this was your choice,threat,en,augment_template_v3,synthetic_llm
pay attention: you will not escape what you've set in motion this was your choice,threat,en,augment_template_v3,synthetic_llm
last warning: you will wish you'd never been born by the time i'm finished the clock is running,threat,en,augment_template_v3,synthetic_llm
final notice: i will be the reason you can't sleep at night you've been warned,threat,en,augment_template_v3,synthetic_llm
i will be your worst memory the clock is running,threat,en,augment_template_v3,synthetic_llm
listen carefully: the pain you've caused me multiplied is what you're owed consider your next move carefully,threat,en,augment_template_v3,synthetic_llm
hear me: you are going to regret every single decision that led to this good luck — you'll need it,threat,en,augment_template_v3,synthetic_llm
i'm saying this once: i will make every day harder than the last you have no one to blame but yourself,threat,en,augment_template_v3,synthetic_llm
i'm saying this once: you are in my crosshairs and i don't miss you have no one to blame but yourself,threat,en,augment_template_v3,synthetic_llm
listen carefully: i will be your worst memory i'll enjoy every second of it,threat,en,augment_template_v3,synthetic_llm
hear me: you are going to feel this for a very long time don't say i didn't warn you,threat,en,augment_template_v3,synthetic_llm
hear me: i will rip apart your reputation one piece at a time consider your next move carefully,threat,en,augment_template_v3,synthetic_llm
listen carefully: there is no version of this where you come out okay this is the last thing i'll say before i act,threat,en,augment_template_v3,synthetic_llm
pay attention: i will rip apart your reputation one piece at a time don't say i didn't warn you,threat,en,augment_template_v3,synthetic_llm
i promise you a level of pain you haven't imagined you've been warned,threat,en,augment_template_v3,synthetic_llm
listen carefully: i promise you a level of pain you haven't imagined good luck — you'll need it,threat,en,augment_template_v3,synthetic_llm
final notice: the damage i inflict will not be reversible consider your next move carefully,threat,en,augment_template_v3,synthetic_llm
i'm saying this once: i will be your worst memory this is the last thing i'll say before i act,threat,en,augment_template_v3,synthetic_llm
i'm saying this once: i promise you a level of pain you haven't imagined you have no one to blame but yourself,threat,en,augment_template_v3,synthetic_llm
pay attention: the pain you've caused me multiplied is what you're owed good luck — you'll need it,threat,en,augment_template_v3,synthetic_llm
make no mistake: there is no version of this where you come out okay this was your choice,threat,en,augment_template_v3,synthetic_llm
final notice: the pain you've caused me multiplied is what you're owed you've been warned,threat,en,augment_template_v3,synthetic_llm
i'm saying this once: i will come for you in every arena that matters to you this is the last thing i'll say before i act,threat,en,augment_template_v3,synthetic_llm
final notice: i will leave nothing of the life you've built good luck — you'll need it,threat,en,augment_template_v3,synthetic_llm
i will expose you completely and permanently this is the last thing i'll say before i act,threat,en,augment_template_v3,synthetic_llm
final notice: i will not stop until you've lost everything the clock is running,threat,en,augment_template_v3,synthetic_llm
last warning: what happens to you next is fully in my hands the clock is running,threat,en,augment_template_v3,synthetic_llm
you are in my crosshairs and i don't miss consider your next move carefully,threat,en,augment_template_v3,synthetic_llm
pay attention: i am going to destroy everything you worked for you should've thought about this earlier,threat,en,augment_template_v3,synthetic_llm
last warning: i am going to dedicate myself to your suffering the clock is running,threat,en,augment_template_v3,synthetic_llm
last warning: i will be your worst memory don't say i didn't warn you,threat,en,augment_template_v3,synthetic_llm
understand this: i am going to destroy everything you worked for you have no one to blame but yourself,threat,en,augment_template_v3,synthetic_llm
last warning: there are no limits to what i'm willing to do to you this is the last thing i'll say before i act,threat,en,augment_template_v3,synthetic_llm
listen carefully: i am going to take you apart piece by piece the clock is running,threat,en,augment_template_v3,synthetic_llm
understand this: i am going to reduce everything you are to rubble good luck — you'll need it,threat,en,augment_template_v3,synthetic_llm
last warning: i am going to reduce everything you are to rubble you've been warned,threat,en,augment_template_v3,synthetic_llm
you are going to regret every single decision that led to this you've been warned,threat,en,augment_template_v3,synthetic_llm
last warning: i am going to take you apart piece by piece you should've thought about this earlier,threat,en,augment_template_v3,synthetic_llm
for the record: i will rip apart your reputation one piece at a time you've been warned,threat,en,augment_template_v3,synthetic_llm
final notice: i will be the reason you can't sleep at night you should've thought about this earlier,threat,en,augment_template_v3,synthetic_llm
last warning: i am going to hunt you across every platform you use this was your choice,threat,en,augment_template_v3,synthetic_llm
i will be the reason you can't sleep at night good luck — you'll need it,threat,en,augment_template_v3,synthetic_llm
i'm saying this once: i will leave nothing of the life you've built the clock is running,threat,en,augment_template_v3,synthetic_llm
i will make every day harder than the last don't say i didn't warn you,threat,en,augment_template_v3,synthetic_llm
hear me: there are no limits to what i'm willing to do to you good luck — you'll need it,threat,en,augment_template_v3,synthetic_llm
understand this: you will not escape what you've set in motion you should've thought about this earlier,threat,en,augment_template_v3,synthetic_llm
i'm saying this once: what i do to you will be unforgettable you have no one to blame but yourself,threat,en,augment_template_v3,synthetic_llm
last warning: the consequences for you will be severe and lasting don't say i didn't warn you,threat,en,augment_template_v3,synthetic_llm
for the record: the pain you've caused me multiplied is what you're owed you've been warned,threat,en,augment_template_v3,synthetic_llm
final notice: you will not come out of this okay you have no one to blame but yourself,threat,en,augment_template_v3,synthetic_llm
listen carefully: i am going to hunt you across every platform you use you should've thought about this earlier,threat,en,augment_template_v3,synthetic_llm
i will come for you in every arena that matters to you you have no one to blame but yourself,threat,en,augment_template_v3,synthetic_llm
understand this: you are going to feel this for a very long time i'll enjoy every second of it,threat,en,augment_template_v3,synthetic_llm
pay attention: i will be the reason you can't sleep at night you have no one to blame but yourself,threat,en,augment_template_v3,synthetic_llm
final notice: i will rip apart your reputation one piece at a time,threat,en,augment_template_v3,synthetic_llm
final notice: i am going to hunt you across every platform you use consider your next move carefully,threat,en,augment_template_v3,synthetic_llm
hear me: the pain you've caused me multiplied is what you're owed this is the last thing i'll say before i act,threat,en,augment_template_v3,synthetic_llm
for the record: the damage i inflict will not be reversible you've been warned,threat,en,augment_template_v3,synthetic_llm
i'm saying this once: i am going to destroy everything you worked for this is the last thing i'll say before i act,threat,en,augment_template_v3,synthetic_llm
hear me: what i do to you will be unforgettable,threat,en,augment_template_v3,synthetic_llm
i'm saying this once: i will rip apart your reputation one piece at a time consider your next move carefully,threat,en,augment_template_v3,synthetic_llm
make no mistake: i will leave nothing of the life you've built good luck — you'll need it,threat,en,augment_template_v3,synthetic_llm
i am going to hunt you across every platform you use consider your next move carefully,threat,en,augment_template_v3,synthetic_llm
hear me: you will lose everything that matters to you this is the last thing i'll say before i act,threat,en,augment_template_v3,synthetic_llm
for the record: you will not come out of this okay good luck — you'll need it,threat,en,augment_template_v3,synthetic_llm
listen carefully: i am going to make your life unbearable i'll enjoy every second of it,threat,en,augment_template_v3,synthetic_llm
make no mistake: i am going to make your life unbearable the clock is running,threat,en,augment_template_v3,synthetic_llm
pay attention: the damage i inflict will not be reversible good luck — you'll need it,threat,en,augment_template_v3,synthetic_llm
pay attention: i am going to destroy everything you worked for consider your next move carefully,threat,en,augment_template_v3,synthetic_llm
final notice: i will not stop until you've lost everything consider your next move carefully,threat,en,augment_template_v3,synthetic_llm
i am going to reduce everything you are to rubble you should've thought about this earlier,threat,en,augment_template_v3,synthetic_llm
hear me: you will wish you'd never been born by the time i'm finished you have no one to blame but yourself,threat,en,augment_template_v3,synthetic_llm
understand this: you will not escape what you've set in motion the clock is running,threat,en,augment_template_v3,synthetic_llm
listen carefully: i will make every day harder than the last the clock is running,threat,en,augment_template_v3,synthetic_llm
final notice: you will wish you'd never been born by the time i'm finished you have no one to blame but yourself,threat,en,augment_template_v3,synthetic_llm
last warning: you are going to regret every single decision that led to this good luck — you'll need it,threat,en,augment_template_v3,synthetic_llm
understand this: i will make sure you never forget my name this is the last thing i'll say before i act,threat,en,augment_template_v3,synthetic_llm
final notice: i will expose you completely and permanently good luck — you'll need it,threat,en,augment_template_v3,synthetic_llm
make no mistake: you will not come out of this okay good luck — you'll need it,threat,en,augment_template_v3,synthetic_llm
pay attention: i will rip apart your reputation one piece at a time you have no one to blame but yourself,threat,en,augment_template_v3,synthetic_llm
make no mistake: i will be your worst memory,threat,en,augment_template_v3,synthetic_llm
final notice: you are going to feel this for a very long time consider your next move carefully,threat,en,augment_template_v3,synthetic_llm
i'm saying this once: i will expose you completely and permanently good luck — you'll need it,threat,en,augment_template_v3,synthetic_llm
for the record: i will be your worst memory i'll enjoy every second of it,threat,en,augment_template_v3,synthetic_llm
hear me: the pain you've caused me multiplied is what you're owed i'll enjoy every second of it,threat,en,augment_template_v3,synthetic_llm
last warning: you will not escape what you've set in motion the clock is running,threat,en,augment_template_v3,synthetic_llm
last warning: i will come for you in every arena that matters to you you've been warned,threat,en,augment_template_v3,synthetic_llm
final notice: i am going to reduce everything you are to rubble you should've thought about this earlier,threat,en,augment_template_v3,synthetic_llm
understand this: i will rip apart your reputation one piece at a time don't say i didn't warn you,threat,en,augment_template_v3,synthetic_llm
last warning: you will wish you'd never been born by the time i'm finished this was your choice,threat,en,augment_template_v3,synthetic_llm
last warning: i am going to make your life unbearable i'll enjoy every second of it,threat,en,augment_template_v3,synthetic_llm
listen carefully: i will not stop until you've lost everything don't say i didn't warn you,threat,en,augment_template_v3,synthetic_llm
last warning: i am going to take you apart piece by piece you've been warned,threat,en,augment_template_v3,synthetic_llm
make no mistake: you will not come out of this okay you've been warned,threat,en,augment_template_v3,synthetic_llm
i'm saying this once: i will rip apart your reputation one piece at a time good luck — you'll need it,threat,en,augment_template_v3,synthetic_llm
i am going to make your life unbearable you should've thought about this earlier,threat,en,augment_template_v3,synthetic_llm
i'm saying this once: i will not stop until you've lost everything i'll enjoy every second of it,threat,en,augment_template_v3,synthetic_llm
pay attention: you will not escape what you've set in motion the clock is running,threat,en,augment_template_v3,synthetic_llm
make no mistake: i will make every day harder than the last you should've thought about this earlier,threat,en,augment_template_v3,synthetic_llm
for the record: you are going to regret every single decision that led to this you should've thought about this earlier,threat,en,augment_template_v3,synthetic_llm
for the record: what happens to you next is fully in my hands you have no one to blame but yourself,threat,en,augment_template_v3,synthetic_llm
understand this: you are going to regret every single decision that led to this,threat,en,augment_template_v3,synthetic_llm
hear me: i am going to destroy everything you worked for the clock is running,threat,en,augment_template_v3,synthetic_llm
last warning: i will leave nothing of the life you've built this was your choice,threat,en,augment_template_v3,synthetic_llm
listen carefully: i will be the reason you can't sleep at night this was your choice,threat,en,augment_template_v3,synthetic_llm
for the record: i promise you a level of pain you haven't imagined good luck — you'll need it,threat,en,augment_template_v3,synthetic_llm
i'm saying this once: i will make sure you never forget my name,threat,en,augment_template_v3,synthetic_llm
for the record: i am going to hunt you across every platform you use i'll enjoy every second of it,threat,en,augment_template_v3,synthetic_llm
make no mistake: i will come for you in every arena that matters to you,threat,en,augment_template_v3,synthetic_llm
hear me: i am going to make your life unbearable this is the last thing i'll say before i act,threat,en,augment_template_v3,synthetic_llm
last warning: i will not stop until you've lost everything this is the last thing i'll say before i act,threat,en,augment_template_v3,synthetic_llm
understand this: i will expose you completely and permanently you've been warned,threat,en,augment_template_v3,synthetic_llm
i'm saying this once: i will make sure you never forget my name this is the last thing i'll say before i act,threat,en,augment_template_v3,synthetic_llm
understand this: i am going to make your life unbearable good luck — you'll need it,threat,en,augment_template_v3,synthetic_llm
final notice: the consequences for you will be severe and lasting you have no one to blame but yourself,threat,en,augment_template_v3,synthetic_llm
for the record: you will lose everything that matters to you you've been warned,threat,en,augment_template_v3,synthetic_llm
i'm saying this once: i will make sure you never forget my name consider your next move carefully,threat,en,augment_template_v3,synthetic_llm
understand this: i will come for you in every arena that matters to you don't say i didn't warn you,threat,en,augment_template_v3,synthetic_llm
hear me: i promise you a level of pain you haven't imagined you've been warned,threat,en,augment_template_v3,synthetic_llm
i'm saying this once: you will not come out of this okay the clock is running,threat,en,augment_template_v3,synthetic_llm
last warning: you will not come out of this okay the clock is running,threat,en,augment_template_v3,synthetic_llm
final notice: what i do to you will be unforgettable this is the last thing i'll say before i act,threat,en,augment_template_v3,synthetic_llm
listen carefully: the damage i inflict will not be reversible this is the last thing i'll say before i act,threat,en,augment_template_v3,synthetic_llm
last warning: you will not escape what you've set in motion you've been warned,threat,en,augment_template_v3,synthetic_llm
i will not stop until you've lost everything you've been warned,threat,en,augment_template_v3,synthetic_llm
make no mistake: i will expose you completely and permanently you have no one to blame but yourself,threat,en,augment_template_v3,synthetic_llm
last warning: i am going to dedicate myself to your suffering this was your choice,threat,en,augment_template_v3,synthetic_llm
for the record: i will expose you completely and permanently you should've thought about this earlier,threat,en,augment_template_v3,synthetic_llm
understand this: i am going to make your life unbearable this was your choice,threat,en,augment_template_v3,synthetic_llm
final notice: you will not come out of this okay the clock is running,threat,en,augment_template_v3,synthetic_llm
hear me: i will not stop until you've lost everything this is the last thing i'll say before i act,threat,en,augment_template_v3,synthetic_llm
final notice: you are going to feel this for a very long time this was your choice,threat,en,augment_template_v3,synthetic_llm
understand this: i will not stop until you've lost everything you have no one to blame but yourself,threat,en,augment_template_v3,synthetic_llm
i will expose you completely and permanently you have no one to blame but yourself,threat,en,augment_template_v3,synthetic_llm
final notice: you will lose everything that matters to you you have no one to blame but yourself,threat,en,augment_template_v3,synthetic_llm
make no mistake: i will not stop until you've lost everything the clock is running,threat,en,augment_template_v3,synthetic_llm
make no mistake: i will leave nothing of the life you've built this is the last thing i'll say before i act,threat,en,augment_template_v3,synthetic_llm
make no mistake: i will make sure you never forget my name,threat,en,augment_template_v3,synthetic_llm
for the record: i will not stop until you've lost everything don't say i didn't warn you,threat,en,augment_template_v3,synthetic_llm
last warning: i will be your worst memory this is the last thing i'll say before i act,threat,en,augment_template_v3,synthetic_llm
final notice: there is no version of this where you come out okay this is the last thing i'll say before i act,threat,en,augment_template_v3,synthetic_llm
i will rip apart your reputation one piece at a time,threat,en,augment_template_v3,synthetic_llm
final notice: you are in my crosshairs and i don't miss i'll enjoy every second of it,threat,en,augment_template_v3,synthetic_llm
for the record: you are going to feel this for a very long time i'll enjoy every second of it,threat,en,augment_template_v3,synthetic_llm
for the record: there is no version of this where you come out okay consider your next move carefully,threat,en,augment_template_v3,synthetic_llm
for the record: the consequences for you will be severe and lasting,threat,en,augment_template_v3,synthetic_llm
pay attention: i am going to reduce everything you are to rubble this was your choice,threat,en,augment_template_v3,synthetic_llm
i'm saying this once: i will not stop until you've lost everything,threat,en,augment_template_v3,synthetic_llm
make no mistake: you will not come out of this okay this is the last thing i'll say before i act,threat,en,augment_template_v3,synthetic_llm
make no mistake: i will make every day harder than the last you have no one to blame but yourself,threat,en,augment_template_v3,synthetic_llm
listen carefully: what happens to you next is fully in my hands i'll enjoy every second of it,threat,en,augment_template_v3,synthetic_llm
final notice: i will be the reason you can't sleep at night consider your next move carefully,threat,en,augment_template_v3,synthetic_llm
make no mistake: you are in my crosshairs and i don't miss you should've thought about this earlier,threat,en,augment_template_v3,synthetic_llm
i'm saying this once: you will not come out of this okay you should've thought about this earlier,threat,en,augment_template_v3,synthetic_llm
i am going to destroy everything you worked for,threat,en,augment_template_v3,synthetic_llm
make no mistake: i am going to make your life unbearable,threat,en,augment_template_v3,synthetic_llm
understand this: what i do to you will be unforgettable,threat,en,augment_template_v3,synthetic_llm
what i do to you will be unforgettable you have no one to blame but yourself,threat,en,augment_template_v3,synthetic_llm
last warning: the consequences for you will be severe and lasting you should've thought about this earlier,threat,en,augment_template_v3,synthetic_llm
listen carefully: you will not escape what you've set in motion this was your choice,threat,en,augment_template_v3,synthetic_llm
final notice: i will be your worst memory this is the last thing i'll say before i act,threat,en,augment_template_v3,synthetic_llm
pay attention: i am going to make your life unbearable good luck — you'll need it,threat,en,augment_template_v3,synthetic_llm
for the record: there are no limits to what i'm willing to do to you consider your next move carefully,threat,en,augment_template_v3,synthetic_llm
pay attention: you are in my crosshairs and i don't miss you should've thought about this earlier,threat,en,augment_template_v3,synthetic_llm
final notice: you will not escape what you've set in motion you have no one to blame but yourself,threat,en,augment_template_v3,synthetic_llm
i'm saying this once: i promise you a level of pain you haven't imagined you should've thought about this earlier,threat,en,augment_template_v3,synthetic_llm
last warning: i will expose you completely and permanently you should've thought about this earlier,threat,en,augment_template_v3,synthetic_llm
hear me: you will lose everything that matters to you i'll enjoy every second of it,threat,en,augment_template_v3,synthetic_llm
last warning: i am going to make your life unbearable don't say i didn't warn you,threat,en,augment_template_v3,synthetic_llm
last warning: i will rip apart your reputation one piece at a time good luck — you'll need it,threat,en,augment_template_v3,synthetic_llm
for the record: i am going to make your life unbearable,threat,en,augment_template_v3,synthetic_llm
pay attention: the damage i inflict will not be reversible consider your next move carefully,threat,en,augment_template_v3,synthetic_llm
make no mistake: i will be the reason you can't sleep at night don't say i didn't warn you,threat,en,augment_template_v3,synthetic_llm
understand this: you are going to feel this for a very long time this is the last thing i'll say before i act,threat,en,augment_template_v3,synthetic_llm
listen carefully: i am going to destroy everything you worked for this was your choice,threat,en,augment_template_v3,synthetic_llm
pay attention: the pain you've caused me multiplied is what you're owed don't say i didn't warn you,threat,en,augment_template_v3,synthetic_llm
for the record: you will not escape what you've set in motion,threat,en,augment_template_v3,synthetic_llm
pay attention: i am going to take you apart piece by piece the clock is running,threat,en,augment_template_v3,synthetic_llm
i will be your worst memory this was your choice,threat,en,augment_template_v3,synthetic_llm
final notice: i will be the reason you can't sleep at night,threat,en,augment_template_v3,synthetic_llm
understand this: you will lose everything that matters to you consider your next move carefully,threat,en,augment_template_v3,synthetic_llm
final notice: i will expose you completely and permanently i'll enjoy every second of it,threat,en,augment_template_v3,synthetic_llm
pay attention: the consequences for you will be severe and lasting,threat,en,augment_template_v3,synthetic_llm
listen carefully: i am going to take you apart piece by piece,threat,en,augment_template_v3,synthetic_llm
hear me: i promise you a level of pain you haven't imagined i'll enjoy every second of it,threat,en,augment_template_v3,synthetic_llm
for the record: i will expose you completely and permanently this was your choice,threat,en,augment_template_v3,synthetic_llm
last warning: i am going to destroy everything you worked for this is the last thing i'll say before i act,threat,en,augment_template_v3,synthetic_llm
understand this: the pain you've caused me multiplied is what you're owed,threat,en,augment_template_v3,synthetic_llm
make no mistake: i will expose you completely and permanently this is the last thing i'll say before i act,threat,en,augment_template_v3,synthetic_llm
i'm saying this once: i will leave nothing of the life you've built,threat,en,augment_template_v3,synthetic_llm
i promise you a level of pain you haven't imagined i'll enjoy every second of it,threat,en,augment_template_v3,synthetic_llm
for the record: you will not come out of this okay you've been warned,threat,en,augment_template_v3,synthetic_llm
hear me: you are going to feel this for a very long time you should've thought about this earlier,threat,en,augment_template_v3,synthetic_llm
hear me: i am going to dedicate myself to your suffering you have no one to blame but yourself,threat,en,augment_template_v3,synthetic_llm
understand this: i will be your worst memory you have no one to blame but yourself,threat,en,augment_template_v3,synthetic_llm
listen carefully: you are going to feel this for a very long time you've been warned,threat,en,augment_template_v3,synthetic_llm
pay attention: what i do to you will be unforgettable,threat,en,augment_template_v3,synthetic_llm
final notice: what i do to you will be unforgettable good luck — you'll need it,threat,en,augment_template_v3,synthetic_llm
hear me: the damage i inflict will not be reversible the clock is running,threat,en,augment_template_v3,synthetic_llm
final notice: you will not come out of this okay,threat,en,augment_template_v3,synthetic_llm
i'm saying this once: you will not escape what you've set in motion consider your next move carefully,threat,en,augment_template_v3,synthetic_llm
understand this: i will be the reason you can't sleep at night good luck — you'll need it,threat,en,augment_template_v3,synthetic_llm
listen carefully: the damage i inflict will not be reversible you should've thought about this earlier,threat,en,augment_template_v3,synthetic_llm
last warning: there is no version of this where you come out okay i'll enjoy every second of it,threat,en,augment_template_v3,synthetic_llm
last warning: what happens to you next is fully in my hands don't say i didn't warn you,threat,en,augment_template_v3,synthetic_llm
make no mistake: i will be the reason you can't sleep at night this is the last thing i'll say before i act,threat,en,augment_template_v3,synthetic_llm
pay attention: i am going to take you apart piece by piece good luck — you'll need it,threat,en,augment_template_v3,synthetic_llm
make no mistake: i am going to dedicate myself to your suffering i'll enjoy every second of it,threat,en,augment_template_v3,synthetic_llm
understand this: what i do to you will be unforgettable don't say i didn't warn you,threat,en,augment_template_v3,synthetic_llm
for the record: what i do to you will be unforgettable this is the last thing i'll say before i act,threat,en,augment_template_v3,synthetic_llm
listen carefully: i will expose you completely and permanently this is the last thing i'll say before i act,threat,en,augment_template_v3,synthetic_llm
hear me: i am going to dedicate myself to your suffering don't say i didn't warn you,threat,en,augment_template_v3,synthetic_llm
final notice: there is no version of this where you come out okay,threat,en,augment_template_v3,synthetic_llm
i'm saying this once: i am going to make your life unbearable you've been warned,threat,en,augment_template_v3,synthetic_llm
listen carefully: you are going to regret every single decision that led to this i'll enjoy every second of it,threat,en,augment_template_v3,synthetic_llm
i'm saying this once: i am going to take you apart piece by piece the clock is running,threat,en,augment_template_v3,synthetic_llm
hear me: i am going to dedicate myself to your suffering i'll enjoy every second of it,threat,en,augment_template_v3,synthetic_llm
hear me: i will come for you in every arena that matters to you this was your choice,threat,en,augment_template_v3,synthetic_llm
i'm saying this once: i am going to destroy everything you worked for this was your choice,threat,en,augment_template_v3,synthetic_llm
for the record: i will make sure you never forget my name good luck — you'll need it,threat,en,augment_template_v3,synthetic_llm
what happens to you next is fully in my hands this was your choice,threat,en,augment_template_v3,synthetic_llm
for the record: you will wish you'd never been born by the time i'm finished the clock is running,threat,en,augment_template_v3,synthetic_llm
last warning: i am going to take you apart piece by piece don't say i didn't warn you,threat,en,augment_template_v3,synthetic_llm
final notice: i am going to destroy everything you worked for you've been warned,threat,en,augment_template_v3,synthetic_llm
for the record: there is no version of this where you come out okay don't say i didn't warn you,threat,en,augment_template_v3,synthetic_llm
for the record: i will leave nothing of the life you've built you've been warned,threat,en,augment_template_v3,synthetic_llm
final notice: i am going to make your life unbearable you should've thought about this earlier,threat,en,augment_template_v3,synthetic_llm
hear me: i am going to reduce everything you are to rubble good luck — you'll need it,threat,en,augment_template_v3,synthetic_llm
make no mistake: what i do to you will be unforgettable this was your choice,threat,en,augment_template_v3,synthetic_llm
listen carefully: there are no limits to what i'm willing to do to you you've been warned,threat,en,augment_template_v3,synthetic_llm
last warning: the pain you've caused me multiplied is what you're owed this is the last thing i'll say before i act,threat,en,augment_template_v3,synthetic_llm
listen carefully: i am going to destroy everything you worked for consider your next move carefully,threat,en,augment_template_v3,synthetic_llm
listen carefully: i am going to hunt you across every platform you use good luck — you'll need it,threat,en,augment_template_v3,synthetic_llm
hear me: i will make every day harder than the last you should've thought about this earlier,threat,en,augment_template_v3,synthetic_llm
listen carefully: i am going to hunt you across every platform you use you've been warned,threat,en,augment_template_v3,synthetic_llm
for the record: you are going to feel this for a very long time this is the last thing i'll say before i act,threat,en,augment_template_v3,synthetic_llm
there are no limits to what i'm willing to do to you this is the last thing i'll say before i act,threat,en,augment_template_v3,synthetic_llm
i'm saying this once: you will lose everything that matters to you you should've thought about this earlier,threat,en,augment_template_v3,synthetic_llm
listen carefully: what happens to you next is fully in my hands don't say i didn't warn you,threat,en,augment_template_v3,synthetic_llm
hear me: you will not escape what you've set in motion i'll enjoy every second of it,threat,en,augment_template_v3,synthetic_llm
hear me: you will wish you'd never been born by the time i'm finished you've been warned,threat,en,augment_template_v3,synthetic_llm
i'm saying this once: what happens to you next is fully in my hands don't say i didn't warn you,threat,en,augment_template_v3,synthetic_llm
i am going to hunt you across every platform you use the clock is running,threat,en,augment_template_v3,synthetic_llm
last warning: i will make sure you never forget my name you should've thought about this earlier,threat,en,augment_template_v3,synthetic_llm
listen carefully: what happens to you next is fully in my hands you have no one to blame but yourself,threat,en,augment_template_v3,synthetic_llm
final notice: the consequences for you will be severe and lasting,threat,en,augment_template_v3,synthetic_llm
hear me: what i do to you will be unforgettable i'll enjoy every second of it,threat,en,augment_template_v3,synthetic_llm
for the record: what happens to you next is fully in my hands this was your choice,threat,en,augment_template_v3,synthetic_llm
pay attention: i will be your worst memory consider your next move carefully,threat,en,augment_template_v3,synthetic_llm
i am going to destroy everything you worked for i'll enjoy every second of it,threat,en,augment_template_v3,synthetic_llm
for the record: i am going to take you apart piece by piece consider your next move carefully,threat,en,augment_template_v3,synthetic_llm
make no mistake: i will make every day harder than the last this is the last thing i'll say before i act,threat,en,augment_template_v3,synthetic_llm
understand this: i will come for you in every arena that matters to you i'll enjoy every second of it,threat,en,augment_template_v3,synthetic_llm
understand this: i am going to hunt you across every platform you use consider your next move carefully,threat,en,augment_template_v3,synthetic_llm
final notice: i will leave nothing of the life you've built don't say i didn't warn you,threat,en,augment_template_v3,synthetic_llm
understand this: i will rip apart your reputation one piece at a time,threat,en,augment_template_v3,synthetic_llm
hear me: i will be the reason you can't sleep at night you've been warned,threat,en,augment_template_v3,synthetic_llm
listen carefully: i will make sure you never forget my name the clock is running,threat,en,augment_template_v3,synthetic_llm
hear me: i am going to destroy everything you worked for you have no one to blame but yourself,threat,en,augment_template_v3,synthetic_llm
make no mistake: what happens to you next is fully in my hands,threat,en,augment_template_v3,synthetic_llm
make no mistake: the damage i inflict will not be reversible,threat,en,augment_template_v3,synthetic_llm
make no mistake: what happens to you next is fully in my hands you've been warned,threat,en,augment_template_v3,synthetic_llm
understand this: i will be the reason you can't sleep at night don't say i didn't warn you,threat,en,augment_template_v3,synthetic_llm
understand this: i will rip apart your reputation one piece at a time i'll enjoy every second of it,threat,en,augment_template_v3,synthetic_llm
understand this: i will rip apart your reputation one piece at a time you've been warned,threat,en,augment_template_v3,synthetic_llm
understand this: i will come for you in every arena that matters to you you have no one to blame but yourself,threat,en,augment_template_v3,synthetic_llm
understand this: you will not come out of this okay don't say i didn't warn you,threat,en,augment_template_v3,synthetic_llm
understand this: you will not escape what you've set in motion you've been warned,threat,en,augment_template_v3,synthetic_llm
make no mistake: i will be the reason you can't sleep at night this was your choice,threat,en,augment_template_v3,synthetic_llm
there are no limits to what i'm willing to do to you the clock is running,threat,en,augment_template_v3,synthetic_llm
listen carefully: i will make every day harder than the last you've been warned,threat,en,augment_template_v3,synthetic_llm
last warning: i will rip apart your reputation one piece at a time,threat,en,augment_template_v3,synthetic_llm
hear me: i will not stop until you've lost everything i'll enjoy every second of it,threat,en,augment_template_v3,synthetic_llm
final notice: you are going to feel this for a very long time you have no one to blame but yourself,threat,en,augment_template_v3,synthetic_llm
final notice: you are going to regret every single decision that led to this consider your next move carefully,threat,en,augment_template_v3,synthetic_llm
pay attention: i am going to dedicate myself to your suffering good luck — you'll need it,threat,en,augment_template_v3,synthetic_llm
understand this: i promise you a level of pain you haven't imagined good luck — you'll need it,threat,en,augment_template_v3,synthetic_llm
make no mistake: you will not escape what you've set in motion you should've thought about this earlier,threat,en,augment_template_v3,synthetic_llm
make no mistake: i am going to hunt you across every platform you use you have no one to blame but yourself,threat,en,augment_template_v3,synthetic_llm
make no mistake: there is no version of this where you come out okay this is the last thing i'll say before i act,threat,en,augment_template_v3,synthetic_llm
final notice: i am going to reduce everything you are to rubble you have no one to blame but yourself,threat,en,augment_template_v3,synthetic_llm
for the record: you are going to regret every single decision that led to this,threat,en,augment_template_v3,synthetic_llm
final notice: you are going to regret every single decision that led to this this is the last thing i'll say before i act,threat,en,augment_template_v3,synthetic_llm
listen carefully: i am going to make your life unbearable the clock is running,threat,en,augment_template_v3,synthetic_llm
understand this: you are going to regret every single decision that led to this consider your next move carefully,threat,en,augment_template_v3,synthetic_llm
pay attention: you are going to regret every single decision that led to this you've been warned,threat,en,augment_template_v3,synthetic_llm
pay attention: you will not escape what you've set in motion you should've thought about this earlier,threat,en,augment_template_v3,synthetic_llm
understand this: i will come for you in every arena that matters to you the clock is running,threat,en,augment_template_v3,synthetic_llm
final notice: you are in my crosshairs and i don't miss this is the last thing i'll say before i act,threat,en,augment_template_v3,synthetic_llm
last warning: i will expose you completely and permanently don't say i didn't warn you,threat,en,augment_template_v3,synthetic_llm
i'm saying this once: you are going to regret every single decision that led to this don't say i didn't warn you,threat,en,augment_template_v3,synthetic_llm
understand this: i will make sure you never forget my name the clock is running,threat,en,augment_template_v3,synthetic_llm
pay attention: i promise you a level of pain you haven't imagined,threat,en,augment_template_v3,synthetic_llm
last warning: i will be the reason you can't sleep at night i'll enjoy every second of it,threat,en,augment_template_v3,synthetic_llm
hear me: i will expose you completely and permanently you should've thought about this earlier,threat,en,augment_template_v3,synthetic_llm
for the record: i will expose you completely and permanently you've been warned,threat,en,augment_template_v3,synthetic_llm
pay attention: i am going to reduce everything you are to rubble the clock is running,threat,en,augment_template_v3,synthetic_llm
make no mistake: i will leave nothing of the life you've built don't say i didn't warn you,threat,en,augment_template_v3,synthetic_llm
i am going to make your life unbearable the clock is running,threat,en,augment_template_v3,synthetic_llm
final notice: i will be the reason you can't sleep at night i'll enjoy every second of it,threat,en,augment_template_v3,synthetic_llm
i'm saying this once: you are going to feel this for a very long time this is the last thing i'll say before i act,threat,en,augment_template_v3,synthetic_llm
pay attention: you will lose everything that matters to you consider your next move carefully,threat,en,augment_template_v3,synthetic_llm
last warning: i am going to take you apart piece by piece consider your next move carefully,threat,en,augment_template_v3,synthetic_llm
make no mistake: i will leave nothing of the life you've built i'll enjoy every second of it,threat,en,augment_template_v3,synthetic_llm
hear me: what i do to you will be unforgettable you have no one to blame but yourself,threat,en,augment_template_v3,synthetic_llm
hear me: you are in my crosshairs and i don't miss consider your next move carefully,threat,en,augment_template_v3,synthetic_llm
pay attention: you are going to feel this for a very long time you've been warned,threat,en,augment_template_v3,synthetic_llm
