text,label,language,source_dataset,routing_method
i am going to embarrass you if you don't take that down — i promise you that,threat,en,augment_template_v2,synthetic_llm
the damage i can do to your life from here is extraordinary,threat,en,augment_direct,synthetic_llm
"If you cross me one more time, my crew guarantee i will embarrass you — i am dead serious",threat,en,augment_template_v2,synthetic_llm
we won't hesitate to hurt you if you show your face here again — i promise you that,threat,en,augment_template_v2,synthetic_llm
we promise i'm going to embarrass you — and i mean every word,threat,en,augment_template_v2,synthetic_llm
my people guarantee i will put in the hospital you — and i mean every word,threat,en,augment_template_v2,synthetic_llm
my people guarantee i will erase you,threat,en,augment_template_v2,synthetic_llm
"If you cross me one more time, we won't hesitate to hunt you down you — mark my words",threat,en,augment_template_v2,synthetic_llm
"If you show your face here again, my crew can and will devastate you — i am dead serious",threat,en,augment_template_v2,synthetic_llm
"If you don't take that down, my crew am going to erase you — this is not a joke",threat,en,augment_template_v2,synthetic_llm
i will come find you you — mark my words,threat,en,augment_template_v2,synthetic_llm
"If you ignore this message, my people swear i'll hunt you down you — i promise you that",threat,en,augment_template_v2,synthetic_llm
"If you don't call me right now, my crew am going to erase you — i am dead serious",threat,en,augment_template_v2,synthetic_llm
i won't hesitate to hunt you down you if you don't stop — i promise you that,threat,en,augment_template_v2,synthetic_llm
my people guarantee i will wreck you — i promise you that,threat,en,augment_template_v2,synthetic_llm
"If you don't pay me back by an hour, i swear i'll erase you — screenshot this",threat,en,augment_template_v2,synthetic_llm
my crew won't hesitate to strangle you,threat,en,augment_template_v2,synthetic_llm
my people will destroy you if you don't call me right now — you've been told,threat,en,augment_template_v2,synthetic_llm
my people am going to end you if you keep this up — consider yourself warned,threat,en,augment_template_v2,synthetic_llm
"If you show your face here again, we am going to track you down you",threat,en,augment_template_v2,synthetic_llm
my people won't hesitate to hunt you down you if you keep running your mouth — mark my words,threat,en,augment_template_v2,synthetic_llm
"If you don't pay me back by tonight, my crew won't hesitate to devastate you",threat,en,augment_template_v2,synthetic_llm
"If you don't leave her alone, my people swear i'll annihilate you — you've been told",threat,en,augment_template_v2,synthetic_llm
i will slam you — you will see,threat,en,augment_template_v2,synthetic_llm
i am going to destroy you if you ignore this message — you've been told,threat,en,augment_template_v2,synthetic_llm
"If you ignore this message, my people will come find you you — you've been told",threat,en,augment_template_v2,synthetic_llm
"If you show your face here again, my crew can and will lay out you — screenshot this",threat,en,augment_template_v2,synthetic_llm
my crew swear i'll choke you if you don't call me right now — you've been told,threat,en,augment_template_v2,synthetic_llm
we swear i'll obliterate you — screenshot this,threat,en,augment_template_v2,synthetic_llm
"If you don't pay me back by tonight, my people promise i'm going to humiliate you — this is not a joke",threat,en,augment_template_v2,synthetic_llm
my crew will choke you if you don't apologize publicly — i am dead serious,threat,en,augment_template_v2,synthetic_llm
i will hunt you down you — consider yourself warned,threat,en,augment_template_v2,synthetic_llm
my crew can and will humiliate you if you don't pay me back by 5 minutes — and i mean every word,threat,en,augment_template_v2,synthetic_llm
i will pound you — you will see,threat,en,augment_template_v2,synthetic_llm
my crew won't hesitate to finish you if you don't stop — this is not a joke,threat,en,augment_template_v2,synthetic_llm
my people will erase you — i am dead serious,threat,en,augment_template_v2,synthetic_llm
"If you show your face here again, we guarantee i will track you down you",threat,en,augment_template_v2,synthetic_llm
"If you keep this up, i can and will crack your skull you — don't test me",threat,en,augment_template_v2,synthetic_llm
"If you keep running your mouth, my crew swear i'll strip away everything from you — mark my words",threat,en,augment_template_v2,synthetic_llm
i guarantee i will track you down you if you don't fix this — and i mean every word,threat,en,augment_template_v2,synthetic_llm
my crew can and will bury you — i promise you that,threat,en,augment_template_v2,synthetic_llm
my crew can and will come find you you if you keep this up — consider yourself warned,threat,en,augment_template_v2,synthetic_llm
i will come find you you if you keep this up — i am dead serious,threat,en,augment_template_v2,synthetic_llm
"If you don't stop, my people swear i'll demolish you — i promise you that",threat,en,augment_template_v2,synthetic_llm
i will find you you if you keep running your mouth,threat,en,augment_template_v2,synthetic_llm
i promise i'm going to come find you you — you've been told,threat,en,augment_template_v2,synthetic_llm
my people can and will stomp you if you ignore this message — this is not a joke,threat,en,augment_template_v2,synthetic_llm
my people will pound you if you keep this up,threat,en,augment_template_v2,synthetic_llm
my people guarantee i will tear apart you — consider yourself warned,threat,en,augment_template_v2,synthetic_llm
my people won't hesitate to strip away everything from you if you ignore this message — you will see,threat,en,augment_template_v2,synthetic_llm
we will erase you if you don't leave her alone — i promise you that,threat,en,augment_template_v2,synthetic_llm
we swear i'll wreck you,threat,en,augment_template_v2,synthetic_llm
my crew can and will hunt you down you,threat,en,augment_template_v2,synthetic_llm
"If you show your face here again, i won't hesitate to track you down you — you will see",threat,en,augment_template_v2,synthetic_llm
i will strip away everything from you if you don't fix this — mark my words,threat,en,augment_template_v2,synthetic_llm
"If you cross me one more time, my people swear i'll track you down you",threat,en,augment_template_v2,synthetic_llm
"If you don't leave her alone, my crew swear i'll ruin you — you've been told",threat,en,augment_template_v2,synthetic_llm
we guarantee i will come for you you if you show your face here again — i am dead serious,threat,en,augment_template_v2,synthetic_llm
you won't see it coming but you'll definitely feel it,threat,en,augment_indirect,synthetic_llm
"If you don't pay me back by the end of the day, my crew will end you — i promise you that",threat,en,augment_template_v2,synthetic_llm
my crew swear i'll dismantle you if you don't stop — don't test me,threat,en,augment_template_v2,synthetic_llm
we guarantee i will wreck you — this is not a joke,threat,en,augment_template_v2,synthetic_llm
my people can and will obliterate you — consider yourself warned,threat,en,augment_template_v2,synthetic_llm
my people will hunt you down you — i am dead serious,threat,en,augment_template_v2,synthetic_llm
we swear i'll come for you you if you show your face here again — you will see,threat,en,augment_template_v2,synthetic_llm
"If you don't pay me back by the end of the day, my crew promise i'm going to destroy you — don't test me",threat,en,augment_template_v2,synthetic_llm
"If you keep running your mouth, we am going to come for you you — you will see",threat,en,augment_template_v2,synthetic_llm
my people swear i'll come find you you if you don't fix this — you've been told,threat,en,augment_template_v2,synthetic_llm
"If you cross me one more time, we swear i'll break you — and i mean every word",threat,en,augment_template_v2,synthetic_llm
"If you come near me again, my crew am going to knock out you — i promise you that",threat,en,augment_template_v2,synthetic_llm
i can and will dismantle you if you don't call me right now — and i mean every word,threat,en,augment_template_v2,synthetic_llm
my people swear i'll find you you if you ignore this message — this is not a joke,threat,en,augment_template_v2,synthetic_llm
my people will erase you — mark my words,threat,en,augment_template_v2,synthetic_llm
i am going to take this all the way — every last bit of it,threat,en,augment_direct,synthetic_llm
i am going to track you down you if you don't call me right now — and i mean every word,threat,en,augment_template_v2,synthetic_llm
we promise i'm going to lay out you if you don't leave her alone — you will see,threat,en,augment_template_v2,synthetic_llm
my crew swear i'll annihilate you if you show your face here again,threat,en,augment_template_v2,synthetic_llm
my crew promise i'm going to annihilate you — mark my words,threat,en,augment_template_v2,synthetic_llm
i promise i'm going to come find you you — you will see,threat,en,augment_template_v2,synthetic_llm
"If you don't stop, i am going to humiliate you — mark my words",threat,en,augment_template_v2,synthetic_llm
my crew can and will finish you,threat,en,augment_template_v2,synthetic_llm
my crew will hunt you down you if you keep running your mouth — screenshot this,threat,en,augment_template_v2,synthetic_llm
my people guarantee i will come find you you if you don't fix this — you've been told,threat,en,augment_template_v2,synthetic_llm
i guarantee i will come for you you if you cross me one more time — this is not a joke,threat,en,augment_template_v2,synthetic_llm
my people am going to drag you — this is not a joke,threat,en,augment_template_v2,synthetic_llm
my crew can and will ruin you if you keep talking — screenshot this,threat,en,augment_template_v2,synthetic_llm
my people will put down you,threat,en,augment_template_v2,synthetic_llm
my people will come find you you if you cross me one more time — you will see,threat,en,augment_template_v2,synthetic_llm
"If you come near me again, my people will find you you — mark my words",threat,en,augment_template_v2,synthetic_llm
i guarantee i will pound you — don't test me,threat,en,augment_template_v2,synthetic_llm
"If you keep talking, my people am going to erase you",threat,en,augment_template_v2,synthetic_llm
i am going to crack your skull you — don't test me,threat,en,augment_template_v2,synthetic_llm
my crew promise i'm going to wreck you if you don't call me right now — consider yourself warned,threat,en,augment_template_v2,synthetic_llm
"If you cross me one more time, i promise i'm going to track you down you — mark my words",threat,en,augment_template_v2,synthetic_llm
my crew won't hesitate to come for you you — screenshot this,threat,en,augment_template_v2,synthetic_llm
"If you keep talking, my crew am going to hunt you down you",threat,en,augment_template_v2,synthetic_llm
"If you don't stop, i can and will pound you — i am dead serious",threat,en,augment_template_v2,synthetic_llm
we am going to erase you if you keep running your mouth,threat,en,augment_template_v2,synthetic_llm
we won't hesitate to destroy you — i promise you that,threat,en,augment_template_v2,synthetic_llm
"If you don't leave her alone, my people swear i'll wreck you — you've been told",threat,en,augment_template_v2,synthetic_llm
sleep while you can — productivity requires rest and i am very productive,threat,en,augment_direct,synthetic_llm
my crew won't hesitate to humiliate you if you don't leave her alone — don't test me,threat,en,augment_template_v2,synthetic_llm
we will hunt you down you — and i mean every word,threat,en,augment_template_v2,synthetic_llm
i am going to hurt you — you will see,threat,en,augment_template_v2,synthetic_llm
"If you don't stop, my crew will end you — don't test me",threat,en,augment_template_v2,synthetic_llm
i will wreck you — you've been told,threat,en,augment_template_v2,synthetic_llm
"If you don't apologize publicly, my crew am going to come find you you — consider yourself warned",threat,en,augment_template_v2,synthetic_llm
my people can and will track you down you if you come near me again — you will see,threat,en,augment_template_v2,synthetic_llm
my crew can and will expose you — mark my words,threat,en,augment_template_v2,synthetic_llm
i'll let karma handle it — i've given karma a very detailed brief,threat,en,augment_indirect,synthetic_llm
"If you don't stop, i promise i'm going to end you — i promise you that",threat,en,augment_template_v2,synthetic_llm
"If you come near me again, we won't hesitate to devastate you — consider yourself warned",threat,en,augment_template_v2,synthetic_llm
"If you keep running your mouth, i won't hesitate to ruin you — this is not a joke",threat,en,augment_template_v2,synthetic_llm
i am going to come for you you if you don't apologize publicly — i promise you that,threat,en,augment_template_v2,synthetic_llm
consider your next action very very carefully,threat,en,augment_indirect,synthetic_llm
"If you cross me one more time, i swear i'll lay out you — i promise you that",threat,en,augment_template_v2,synthetic_llm
my people swear i'll come for you you if you don't leave her alone,threat,en,augment_template_v2,synthetic_llm
"If you don't pay me back by the end of the day, my people will dismantle you — consider yourself warned",threat,en,augment_template_v2,synthetic_llm
my people swear i'll hunt you down you — screenshot this,threat,en,augment_template_v2,synthetic_llm
"If you don't leave her alone, we promise i'm going to tear apart you — this is not a joke",threat,en,augment_template_v2,synthetic_llm
"If you don't fix this, my people will come find you you — you've been told",threat,en,augment_template_v2,synthetic_llm
"If you keep running your mouth, my people can and will track you down you — i am dead serious",threat,en,augment_template_v2,synthetic_llm
my people am going to find you you — this is not a joke,threat,en,augment_template_v2,synthetic_llm
we won't hesitate to beat you if you cross me one more time — and i mean every word,threat,en,augment_template_v2,synthetic_llm
my people promise i'm going to locate you you if you show your face here again — and i mean every word,threat,en,augment_template_v2,synthetic_llm
my people promise i'm going to expose you if you don't stop — and i mean every word,threat,en,augment_template_v2,synthetic_llm
my people will ruin you — don't test me,threat,en,augment_template_v2,synthetic_llm
i am going to embarrass you — mark my words,threat,en,augment_template_v2,synthetic_llm
we promise i'm going to find you you — you will see,threat,en,augment_template_v2,synthetic_llm
my crew promise i'm going to come find you you if you come near me again,threat,en,augment_template_v2,synthetic_llm
i can and will hunt you down you — mark my words,threat,en,augment_template_v2,synthetic_llm
we will find you you — don't test me,threat,en,augment_template_v2,synthetic_llm
my crew promise i'm going to erase you if you don't take that down — i am dead serious,threat,en,augment_template_v2,synthetic_llm
"If you come near me again, my people promise i'm going to slam you — mark my words",threat,en,augment_template_v2,synthetic_llm
i promise i'm going to lay out you if you keep talking — this is not a joke,threat,en,augment_template_v2,synthetic_llm
i will strip away everything from you — mark my words,threat,en,augment_template_v2,synthetic_llm
one of my boys saw you — you should've stayed inside today,threat,en,augment_teen_slang,synthetic_llm
my crew am going to hunt you down you if you don't call me right now — mark my words,threat,en,augment_template_v2,synthetic_llm
my crew will come find you you — consider yourself warned,threat,en,augment_template_v2,synthetic_llm
the person you're leaving me for will pay the same price you're paying,threat,en,augment_relationship,synthetic_llm
my people will come find you you — and i mean every word,threat,en,augment_template_v2,synthetic_llm
my crew swear i'll locate you you — don't test me,threat,en,augment_template_v2,synthetic_llm
"If you come near me again, i won't hesitate to track you down you — you will see",threat,en,augment_template_v2,synthetic_llm
my crew am going to hunt you down you if you cross me one more time — i promise you that,threat,en,augment_template_v2,synthetic_llm
"If you don't stop, my people won't hesitate to strangle you — you will see",threat,en,augment_template_v2,synthetic_llm
"If you ever do that again, my people am going to humiliate you — don't test me",threat,en,augment_template_v2,synthetic_llm
i am going to come find you you — consider yourself warned,threat,en,augment_template_v2,synthetic_llm
"If you ignore this message, i won't hesitate to devastate you — i am dead serious",threat,en,augment_template_v2,synthetic_llm
"If you cross me one more time, i guarantee i will track you down you — and i mean every word",threat,en,augment_template_v2,synthetic_llm
my crew swear i'll ruin you if you ignore this message — mark my words,threat,en,augment_template_v2,synthetic_llm
my people promise i'm going to hunt you down you if you don't leave her alone — you've been told,threat,en,augment_template_v2,synthetic_llm
we promise i'm going to locate you you — don't test me,threat,en,augment_template_v2,synthetic_llm
my crew guarantee i will locate you you — you will see,threat,en,augment_template_v2,synthetic_llm
i won't hesitate to choke you,threat,en,augment_template_v2,synthetic_llm
i won't hesitate to destroy you if you don't pay me back by the end of the day — i promise you that,threat,en,augment_template_v2,synthetic_llm
"If you don't pay me back by 24 hours, we will locate you you — screenshot this",threat,en,augment_template_v2,synthetic_llm
my people guarantee i will obliterate you if you come near me again — mark my words,threat,en,augment_template_v2,synthetic_llm
we promise i'm going to wreck you — i promise you that,threat,en,augment_template_v2,synthetic_llm
we won't hesitate to track you down you — you've been told,threat,en,augment_template_v2,synthetic_llm
my crew promise i'm going to come for you you if you ever do that again — i promise you that,threat,en,augment_template_v2,synthetic_llm
we swear i'll tear apart you — i am dead serious,threat,en,augment_template_v2,synthetic_llm
my crew can and will wreck you if you don't fix this — i am dead serious,threat,en,augment_template_v2,synthetic_llm
my crew am going to dismantle you if you don't pay me back by 24 hours — you've been told,threat,en,augment_template_v2,synthetic_llm
"If you show your face here again, i can and will hurt you — this is not a joke",threat,en,augment_template_v2,synthetic_llm
i've never followed through on something this seriously — until now,threat,en,augment_direct,synthetic_llm
my crew am going to crack your skull you if you keep this up,threat,en,augment_template_v2,synthetic_llm
i guarantee i will erase you — screenshot this,threat,en,augment_template_v2,synthetic_llm
"If you keep this up, i will tear apart you — mark my words",threat,en,augment_template_v2,synthetic_llm
"If you come near me again, my people guarantee i will annihilate you — i am dead serious",threat,en,augment_template_v2,synthetic_llm
"If you keep running your mouth, my crew am going to beat you — you will see",threat,en,augment_template_v2,synthetic_llm
my people will hunt you down you if you come near me again — you will see,threat,en,augment_template_v2,synthetic_llm
my people will snap you — and i mean every word,threat,en,augment_template_v2,synthetic_llm
"If you don't leave her alone, my people am going to burn down you — and i mean every word",threat,en,augment_template_v2,synthetic_llm
my crew will expose you if you don't leave her alone — and i mean every word,threat,en,augment_template_v2,synthetic_llm
we promise i'm going to come for you you if you don't fix this — screenshot this,threat,en,augment_template_v2,synthetic_llm
"If you show your face here again, i promise i'm going to track you down you — you will see",threat,en,augment_template_v2,synthetic_llm
"If you don't pay me back by 5 minutes, i promise i'm going to come for you you — mark my words",threat,en,augment_template_v2,synthetic_llm
my people swear i'll beat you if you keep this up — mark my words,threat,en,augment_template_v2,synthetic_llm
"If you don't fix this, my crew promise i'm going to expose you — screenshot this",threat,en,augment_template_v2,synthetic_llm
"If you don't take that down, i won't hesitate to obliterate you — i promise you that",threat,en,augment_template_v2,synthetic_llm
my people promise i'm going to destroy you — i promise you that,threat,en,augment_template_v2,synthetic_llm
"If you keep running your mouth, my people won't hesitate to knock out you — and i mean every word",threat,en,augment_template_v2,synthetic_llm
i can and will ruin you — i promise you that,threat,en,augment_template_v2,synthetic_llm
my crew swear i'll locate you you if you show your face here again — you've been told,threat,en,augment_template_v2,synthetic_llm
"If you don't fix this, we swear i'll demolish you",threat,en,augment_template_v2,synthetic_llm
"If you cross me one more time, my crew am going to strip away everything from you — this is not a joke",threat,en,augment_template_v2,synthetic_llm
"If you come near me again, my crew will ruin you — you've been told",threat,en,augment_template_v2,synthetic_llm
"If you don't call me right now, my people won't hesitate to demolish you — this is not a joke",threat,en,augment_template_v2,synthetic_llm
"If you keep talking, we will wreck you",threat,en,augment_template_v2,synthetic_llm
"If you don't apologize publicly, my people swear i'll expose you — you will see",threat,en,augment_template_v2,synthetic_llm
my people promise i'm going to finish you if you don't take that down — screenshot this,threat,en,augment_template_v2,synthetic_llm
my people won't hesitate to put down you — i am dead serious,threat,en,augment_template_v2,synthetic_llm
my people swear i'll strip away everything from you — consider yourself warned,threat,en,augment_template_v2,synthetic_llm
we guarantee i will strip away everything from you — don't test me,threat,en,augment_template_v2,synthetic_llm
my people swear i'll annihilate you — you will see,threat,en,augment_template_v2,synthetic_llm
"If you ignore this message, i promise i'm going to come find you you — i am dead serious",threat,en,augment_template_v2,synthetic_llm
my crew promise i'm going to devastate you — screenshot this,threat,en,augment_template_v2,synthetic_llm
"If you don't apologize publicly, i promise i'm going to hunt you down you — you will see",threat,en,augment_template_v2,synthetic_llm
my crew promise i'm going to pound you if you show your face here again — screenshot this,threat,en,augment_template_v2,synthetic_llm
"If you don't fix this, we guarantee i will destroy you — screenshot this",threat,en,augment_template_v2,synthetic_llm
my crew can and will come find you you — you will see,threat,en,augment_template_v2,synthetic_llm
my people am going to hurt you — and i mean every word,threat,en,augment_template_v2,synthetic_llm
my people guarantee i will burn down you — and i mean every word,threat,en,augment_template_v2,synthetic_llm
my people can and will pound you — mark my words,threat,en,augment_template_v2,synthetic_llm
"If you don't apologize publicly, my crew won't hesitate to track you down you — and i mean every word",threat,en,augment_template_v2,synthetic_llm
we am going to come for you you if you ignore this message — you will see,threat,en,augment_template_v2,synthetic_llm
"If you don't apologize publicly, my people am going to tear apart you — i promise you that",threat,en,augment_template_v2,synthetic_llm
"If you come near me again, my people am going to burn down you — screenshot this",threat,en,augment_template_v2,synthetic_llm
"If you keep this up, we am going to destroy you — don't test me",threat,en,augment_template_v2,synthetic_llm
my people promise i'm going to track you down you if you don't take that down,threat,en,augment_template_v2,synthetic_llm
"If you don't stop, we will put in the hospital you — you will see",threat,en,augment_template_v2,synthetic_llm
my people will put down you if you keep this up — i am dead serious,threat,en,augment_template_v2,synthetic_llm
i don't need to be loud to be effective,threat,en,augment_indirect,synthetic_llm
we will devastate you — consider yourself warned,threat,en,augment_template_v2,synthetic_llm
"If you don't fix this, we won't hesitate to strangle you — screenshot this",threat,en,augment_template_v2,synthetic_llm
my people swear i'll come find you you,threat,en,augment_template_v2,synthetic_llm
"If you don't take that down, i promise i'm going to erase you — you've been told",threat,en,augment_template_v2,synthetic_llm
we swear i'll devastate you if you come near me again — don't test me,threat,en,augment_template_v2,synthetic_llm
we won't hesitate to destroy you if you don't apologize publicly — you will see,threat,en,augment_template_v2,synthetic_llm
my crew can and will embarrass you,threat,en,augment_template_v2,synthetic_llm
i guarantee i will wreck you,threat,en,augment_template_v2,synthetic_llm
"If you cross me one more time, i promise i'm going to find you you — you've been told",threat,en,augment_template_v2,synthetic_llm
"If you don't apologize publicly, my people am going to end you — and i mean every word",threat,en,augment_template_v2,synthetic_llm
i can and will pound you — screenshot this,threat,en,augment_template_v2,synthetic_llm
"If you don't stop, my crew will find you you — and i mean every word",threat,en,augment_template_v2,synthetic_llm
i will pound you if you ever do that again — you will see,threat,en,augment_template_v2,synthetic_llm
"If you don't fix this, we will choke you — you will see",threat,en,augment_template_v2,synthetic_llm
"If you keep this up, my people won't hesitate to bury you — screenshot this",threat,en,augment_template_v2,synthetic_llm
"If you don't fix this, i won't hesitate to locate you you — i am dead serious",threat,en,augment_template_v2,synthetic_llm
i can and will obliterate you if you don't apologize publicly — you will see,threat,en,augment_template_v2,synthetic_llm
we am going to obliterate you,threat,en,augment_template_v2,synthetic_llm
we will hunt you down you if you show your face here again — you will see,threat,en,augment_template_v2,synthetic_llm
my crew can and will humiliate you — i am dead serious,threat,en,augment_template_v2,synthetic_llm
i promise i'm going to dismantle you if you ignore this message — this is not a joke,threat,en,augment_template_v2,synthetic_llm
i promise i'm going to end you if you keep running your mouth — mark my words,threat,en,augment_template_v2,synthetic_llm
we guarantee i will come for you you if you ignore this message — i promise you that,threat,en,augment_template_v2,synthetic_llm
we am going to track you down you if you show your face here again — i am dead serious,threat,en,augment_template_v2,synthetic_llm
i will get to you whether it takes a week or a year,threat,en,augment_direct,synthetic_llm
"If you don't pay me back by tonight, my people promise i'm going to come for you you — i am dead serious",threat,en,augment_template_v2,synthetic_llm
my people will hunt you down you if you cross me one more time — screenshot this,threat,en,augment_template_v2,synthetic_llm
we won't hesitate to track you down you if you don't take that down — i promise you that,threat,en,augment_template_v2,synthetic_llm
"If you keep running your mouth, my people will finish you — i am dead serious",threat,en,augment_template_v2,synthetic_llm
we guarantee i will hurt you if you keep this up — i am dead serious,threat,en,augment_template_v2,synthetic_llm
"If you ignore this message, my crew won't hesitate to ruin you — i promise you that",threat,en,augment_template_v2,synthetic_llm
"If you don't fix this, i can and will choke you",threat,en,augment_template_v2,synthetic_llm
"If you don't pay me back by 24 hours, i can and will slam you — you will see",threat,en,augment_template_v2,synthetic_llm
we am going to find you you if you don't stop,threat,en,augment_template_v2,synthetic_llm
my crew can and will strangle you — mark my words,threat,en,augment_template_v2,synthetic_llm
"If you ever do that again, we swear i'll finish you — you will see",threat,en,augment_template_v2,synthetic_llm
"If you don't take that down, we guarantee i will stomp you — and i mean every word",threat,en,augment_template_v2,synthetic_llm
you'll understand soon — i promise you'll understand soon,threat,en,augment_direct,synthetic_llm
i suggest you start getting your affairs in order,threat,en,augment_indirect,synthetic_llm
i am going to strip away everything from you if you ever do that again — consider yourself warned,threat,en,augment_template_v2,synthetic_llm
we promise i'm going to put in the hospital you if you don't stop — you will see,threat,en,augment_template_v2,synthetic_llm
every memory we have together becomes a weapon in my hands now,threat,en,augment_relationship,synthetic_llm
my crew will erase you if you keep talking — this is not a joke,threat,en,augment_template_v2,synthetic_llm
my crew promise i'm going to break you if you show your face here again — you will see,threat,en,augment_template_v2,synthetic_llm
i promise i'm going to erase you if you don't leave her alone — don't test me,threat,en,augment_template_v2,synthetic_llm
my people will track you down you,threat,en,augment_template_v2,synthetic_llm
i swear i'll locate you you,threat,en,augment_template_v2,synthetic_llm
"If you don't stop, i guarantee i will strip away everything from you — consider yourself warned",threat,en,augment_template_v2,synthetic_llm
i promise i'm going to stomp you — consider yourself warned,threat,en,augment_template_v2,synthetic_llm
we can and will demolish you if you ignore this message — you will see,threat,en,augment_template_v2,synthetic_llm
we will erase you if you cross me one more time — consider yourself warned,threat,en,augment_template_v2,synthetic_llm
my crew won't hesitate to track you down you — i promise you that,threat,en,augment_template_v2,synthetic_llm
my people won't hesitate to wreck you if you keep talking,threat,en,augment_template_v2,synthetic_llm
"If you keep this up, i can and will locate you you — i am dead serious",threat,en,augment_template_v2,synthetic_llm
my people can and will bury you — consider yourself warned,threat,en,augment_template_v2,synthetic_llm
"If you cross me one more time, i won't hesitate to come find you you — you will see",threat,en,augment_template_v2,synthetic_llm
"If you keep talking, my people promise i'm going to track you down you — this is not a joke",threat,en,augment_template_v2,synthetic_llm
my crew am going to come find you you — don't test me,threat,en,augment_template_v2,synthetic_llm
my people can and will end you — you've been told,threat,en,augment_template_v2,synthetic_llm
i won't hesitate to find you you if you don't call me right now — this is not a joke,threat,en,augment_template_v2,synthetic_llm
"If you come near me again, i won't hesitate to demolish you — and i mean every word",threat,en,augment_template_v2,synthetic_llm
"If you keep this up, my crew can and will come for you you",threat,en,augment_template_v2,synthetic_llm
you're chatting a lot for someone who can't back it up irl,threat,en,augment_teen_slang,synthetic_llm
"If you don't apologize publicly, my crew can and will destroy you — don't test me",threat,en,augment_template_v2,synthetic_llm
my crew will track you down you — i am dead serious,threat,en,augment_template_v2,synthetic_llm
my people will drag you if you don't leave her alone,threat,en,augment_template_v2,synthetic_llm
my crew am going to hurt you if you cross me one more time — consider yourself warned,threat,en,augment_template_v2,synthetic_llm
my crew will lay out you — this is not a joke,threat,en,augment_template_v2,synthetic_llm
i will annihilate you — don't test me,threat,en,augment_template_v2,synthetic_llm
my people will locate you you — consider yourself warned,threat,en,augment_template_v2,synthetic_llm
i won't hesitate to end you if you don't leave her alone — mark my words,threat,en,augment_template_v2,synthetic_llm
"If you show your face here again, we am going to find you you — mark my words",threat,en,augment_template_v2,synthetic_llm
my people will break you — i promise you that,threat,en,augment_template_v2,synthetic_llm
"If you don't leave her alone, my people can and will demolish you",threat,en,augment_template_v2,synthetic_llm
we swear i'll devastate you if you don't pay me back by the end of the day — screenshot this,threat,en,augment_template_v2,synthetic_llm
my people won't hesitate to track you down you,threat,en,augment_template_v2,synthetic_llm
my people can and will lay out you if you show your face here again — consider yourself warned,threat,en,augment_template_v2,synthetic_llm
"If you keep running your mouth, we can and will humiliate you — you will see",threat,en,augment_template_v2,synthetic_llm
i will burn down you — i am dead serious,threat,en,augment_template_v2,synthetic_llm
move stupid and get treated stupid — simple math my g,threat,en,augment_teen_slang,synthetic_llm
"If you come near me again, i won't hesitate to destroy you — screenshot this",threat,en,augment_template_v2,synthetic_llm
"If you keep talking, my people won't hesitate to burn down you — don't test me",threat,en,augment_template_v2,synthetic_llm
"If you come near me again, my people promise i'm going to devastate you — don't test me",threat,en,augment_template_v2,synthetic_llm
my crew promise i'm going to crack your skull you if you don't stop — i am dead serious,threat,en,augment_template_v2,synthetic_llm
my crew can and will strangle you — consider yourself warned,threat,en,augment_template_v2,synthetic_llm
we guarantee i will hunt you down you — this is not a joke,threat,en,augment_template_v2,synthetic_llm
we can and will hunt you down you,threat,en,augment_template_v2,synthetic_llm
i am going to knock out you if you keep this up — you will see,threat,en,augment_template_v2,synthetic_llm
we won't hesitate to track you down you if you don't pay me back by 24 hours — you've been told,threat,en,augment_template_v2,synthetic_llm
i am going to come for you you — don't test me,threat,en,augment_template_v2,synthetic_llm
my crew swear i'll come find you you if you keep talking — i am dead serious,threat,en,augment_template_v2,synthetic_llm
my people swear i'll come find you you if you don't apologize publicly — mark my words,threat,en,augment_template_v2,synthetic_llm
let's just say i've made some arrangements that concern you,threat,en,augment_indirect,synthetic_llm
we can and will hurt you if you don't take that down — this is not a joke,threat,en,augment_template_v2,synthetic_llm
"If you don't apologize publicly, we am going to come for you you",threat,en,augment_template_v2,synthetic_llm
"If you ever do that again, i will devastate you — you will see",threat,en,augment_template_v2,synthetic_llm
i am the thing you should have been afraid of from the start,threat,en,augment_direct,synthetic_llm
we won't hesitate to come find you you — and i mean every word,threat,en,augment_template_v2,synthetic_llm
my people guarantee i will track you down you — mark my words,threat,en,augment_template_v2,synthetic_llm
we will destroy you — this is not a joke,threat,en,augment_template_v2,synthetic_llm
my people can and will track you down you — you will see,threat,en,augment_template_v2,synthetic_llm
i won't hesitate to strangle you — you've been told,threat,en,augment_template_v2,synthetic_llm
"If you keep talking, i am going to hunt you down you — consider yourself warned",threat,en,augment_template_v2,synthetic_llm
i am going to end you if you don't call me right now — don't test me,threat,en,augment_template_v2,synthetic_llm
i can and will devastate you if you don't take that down — i am dead serious,threat,en,augment_template_v2,synthetic_llm
my people swear i'll humiliate you — screenshot this,threat,en,augment_template_v2,synthetic_llm
my crew swear i'll ruin you — you've been told,threat,en,augment_template_v2,synthetic_llm
my crew promise i'm going to ruin you if you cross me one more time,threat,en,augment_template_v2,synthetic_llm
my people am going to track you down you — consider yourself warned,threat,en,augment_template_v2,synthetic_llm
we guarantee i will knock out you — this is not a joke,threat,en,augment_template_v2,synthetic_llm
"If you ignore this message, my people won't hesitate to knock out you — i am dead serious",threat,en,augment_template_v2,synthetic_llm
we am going to come find you you if you don't pay me back by 24 hours — you will see,threat,en,augment_template_v2,synthetic_llm
i will hunt you down you if you don't fix this — i promise you that,threat,en,augment_template_v2,synthetic_llm
"If you don't stop, my people swear i'll tear apart you — screenshot this",threat,en,augment_template_v2,synthetic_llm
"If you don't fix this, we won't hesitate to track you down you — i am dead serious",threat,en,augment_template_v2,synthetic_llm
i am going to hunt you down you — screenshot this,threat,en,augment_template_v2,synthetic_llm
i promise i'm going to erase you if you show your face here again — this is not a joke,threat,en,augment_template_v2,synthetic_llm
my crew won't hesitate to devastate you — screenshot this,threat,en,augment_template_v2,synthetic_llm
"If you come near me again, we swear i'll put in the hospital you — i am dead serious",threat,en,augment_template_v2,synthetic_llm
my people will stomp you — you've been told,threat,en,augment_template_v2,synthetic_llm
"If you don't apologize publicly, my crew promise i'm going to end you — i am dead serious",threat,en,augment_template_v2,synthetic_llm
my crew can and will finish you if you cross me one more time — and i mean every word,threat,en,augment_template_v2,synthetic_llm
i am going to dismantle you — this is not a joke,threat,en,augment_template_v2,synthetic_llm
"If you don't call me right now, my crew won't hesitate to annihilate you",threat,en,augment_template_v2,synthetic_llm
"If you ever do that again, we swear i'll ruin you — this is not a joke",threat,en,augment_template_v2,synthetic_llm
we can and will come find you you if you don't apologize publicly — you've been told,threat,en,augment_template_v2,synthetic_llm
"If you ignore this message, my crew swear i'll demolish you",threat,en,augment_template_v2,synthetic_llm
i swear i'll demolish you — consider yourself warned,threat,en,augment_template_v2,synthetic_llm
my people can and will locate you you — you will see,threat,en,augment_template_v2,synthetic_llm
we am going to drag you if you don't stop — i am dead serious,threat,en,augment_template_v2,synthetic_llm
my people won't hesitate to dismantle you — don't test me,threat,en,augment_template_v2,synthetic_llm
"If you don't fix this, my crew won't hesitate to finish you — consider yourself warned",threat,en,augment_template_v2,synthetic_llm
"If you don't leave her alone, my crew swear i'll track you down you — screenshot this",threat,en,augment_template_v2,synthetic_llm
my people will humiliate you — and i mean every word,threat,en,augment_template_v2,synthetic_llm
we am going to lay out you — i am dead serious,threat,en,augment_template_v2,synthetic_llm
"If you don't stop, my people can and will ruin you — you've been told",threat,en,augment_template_v2,synthetic_llm
we am going to put in the hospital you — you've been told,threat,en,augment_template_v2,synthetic_llm
"If you don't fix this, we guarantee i will expose you — you will see",threat,en,augment_template_v2,synthetic_llm
"If you don't call me right now, my crew guarantee i will come find you you — this is not a joke",threat,en,augment_template_v2,synthetic_llm
we swear i'll hunt you down you — this is not a joke,threat,en,augment_template_v2,synthetic_llm
"If you don't stop, i swear i'll find you you — this is not a joke",threat,en,augment_template_v2,synthetic_llm
"If you don't pay me back by tonight, my people promise i'm going to beat you — consider yourself warned",threat,en,augment_template_v2,synthetic_llm
my people promise i'm going to come find you you if you come near me again — screenshot this,threat,en,augment_template_v2,synthetic_llm
my people am going to come for you you,threat,en,augment_template_v2,synthetic_llm
"If you don't take that down, we guarantee i will beat you — mark my words",threat,en,augment_template_v2,synthetic_llm
"If you ignore this message, i promise i'm going to demolish you — consider yourself warned",threat,en,augment_template_v2,synthetic_llm
i won't hesitate to come find you you — you will see,threat,en,augment_template_v2,synthetic_llm
"If you don't fix this, i promise i'm going to track you down you — this is not a joke",threat,en,augment_template_v2,synthetic_llm
my people promise i'm going to expose you if you keep this up — consider yourself warned,threat,en,augment_template_v2,synthetic_llm
"If you don't take that down, we will come find you you — i promise you that",threat,en,augment_template_v2,synthetic_llm
"If you show your face here again, my crew will devastate you — i am dead serious",threat,en,augment_template_v2,synthetic_llm
i will obliterate you if you keep talking — this is not a joke,threat,en,augment_template_v2,synthetic_llm
my people guarantee i will break you if you ever do that again — mark my words,threat,en,augment_template_v2,synthetic_llm
i can and will wreck you if you ignore this message — you will see,threat,en,augment_template_v2,synthetic_llm
"If you ignore this message, i will strangle you — mark my words",threat,en,augment_template_v2,synthetic_llm
bro is behind a screen until he's not — we'll see,threat,en,augment_teen_slang,synthetic_llm
my people can and will hunt you down you if you come near me again — consider yourself warned,threat,en,augment_template_v2,synthetic_llm
my people will annihilate you if you come near me again — this is not a joke,threat,en,augment_template_v2,synthetic_llm
"If you don't take that down, my people promise i'm going to choke you",threat,en,augment_template_v2,synthetic_llm
my crew will finish you — you will see,threat,en,augment_template_v2,synthetic_llm
what's coming is proportional to what you did — so brace yourself,threat,en,augment_direct,synthetic_llm
"If you don't call me right now, my crew guarantee i will annihilate you — mark my words",threat,en,augment_template_v2,synthetic_llm
my people won't hesitate to dismantle you — you will see,threat,en,augment_template_v2,synthetic_llm
i will ruin you — screenshot this,threat,en,augment_template_v2,synthetic_llm
my people won't hesitate to destroy you if you keep this up — don't test me,threat,en,augment_template_v2,synthetic_llm
my people guarantee i will finish you — i promise you that,threat,en,augment_template_v2,synthetic_llm
my crew guarantee i will locate you you — you've been told,threat,en,augment_template_v2,synthetic_llm
my people swear i'll come find you you — mark my words,threat,en,augment_template_v2,synthetic_llm
i can and will erase you if you don't call me right now — i promise you that,threat,en,augment_template_v2,synthetic_llm
we won't hesitate to stomp you,threat,en,augment_template_v2,synthetic_llm
"If you don't fix this, my people will find you you — and i mean every word",threat,en,augment_template_v2,synthetic_llm
we won't hesitate to obliterate you if you don't pay me back by an hour — i promise you that,threat,en,augment_template_v2,synthetic_llm
my crew won't hesitate to erase you if you don't leave her alone,threat,en,augment_template_v2,synthetic_llm
next time you talk reckless check if anybody in the room has my contact first,threat,en,augment_teen_slang,synthetic_llm
we promise i'm going to hurt you — mark my words,threat,en,augment_template_v2,synthetic_llm
we am going to find you you — i am dead serious,threat,en,augment_template_v2,synthetic_llm
we will stomp you — i promise you that,threat,en,augment_template_v2,synthetic_llm
we swear i'll demolish you if you come near me again — mark my words,threat,en,augment_template_v2,synthetic_llm
i can and will humiliate you if you show your face here again — screenshot this,threat,en,augment_template_v2,synthetic_llm
my people promise i'm going to wreck you if you don't call me right now — screenshot this,threat,en,augment_template_v2,synthetic_llm
we promise i'm going to wreck you if you don't pay me back by an hour — you will see,threat,en,augment_template_v2,synthetic_llm
"If you don't fix this, we won't hesitate to ruin you",threat,en,augment_template_v2,synthetic_llm
my people promise i'm going to come find you you — consider yourself warned,threat,en,augment_template_v2,synthetic_llm
"If you don't call me right now, my crew am going to ruin you — and i mean every word",threat,en,augment_template_v2,synthetic_llm
my people will come for you you — you've been told,threat,en,augment_template_v2,synthetic_llm
we won't hesitate to track you down you if you don't call me right now — you will see,threat,en,augment_template_v2,synthetic_llm
my crew will come find you you,threat,en,augment_template_v2,synthetic_llm
"If you don't stop, i swear i'll track you down you — screenshot this",threat,en,augment_template_v2,synthetic_llm
my crew can and will come find you you if you come near me again — you've been told,threat,en,augment_template_v2,synthetic_llm
we will burn down you — i am dead serious,threat,en,augment_template_v2,synthetic_llm
my people am going to pound you,threat,en,augment_template_v2,synthetic_llm
"If you cross me one more time, my people can and will hunt you down you — mark my words",threat,en,augment_template_v2,synthetic_llm
"If you keep running your mouth, i swear i'll crack your skull you — mark my words",threat,en,augment_template_v2,synthetic_llm
my people am going to track you down you if you ignore this message — you've been told,threat,en,augment_template_v2,synthetic_llm
my crew am going to strangle you if you keep this up — and i mean every word,threat,en,augment_template_v2,synthetic_llm
"If you don't apologize publicly, my people guarantee i will hunt you down you — don't test me",threat,en,augment_template_v2,synthetic_llm
"If you ever do that again, my people won't hesitate to humiliate you — this is not a joke",threat,en,augment_template_v2,synthetic_llm
my people can and will demolish you if you don't call me right now — screenshot this,threat,en,augment_template_v2,synthetic_llm
we won't hesitate to wreck you if you don't apologize publicly — don't test me,threat,en,augment_template_v2,synthetic_llm
"If you ignore this message, my crew guarantee i will hunt you down you — screenshot this",threat,en,augment_template_v2,synthetic_llm
"If you keep running your mouth, my people guarantee i will come for you you — mark my words",threat,en,augment_template_v2,synthetic_llm
i promise i'm going to locate you you — this is not a joke,threat,en,augment_template_v2,synthetic_llm
my crew promise i'm going to strip away everything from you if you don't call me right now — mark my words,threat,en,augment_template_v2,synthetic_llm
"If you keep this up, i swear i'll destroy you — consider yourself warned",threat,en,augment_template_v2,synthetic_llm
i promise i'm going to wreck you — screenshot this,threat,en,augment_template_v2,synthetic_llm
my crew will obliterate you if you cross me one more time,threat,en,augment_template_v2,synthetic_llm
i will locate you you,threat,en,augment_template_v2,synthetic_llm
we can and will demolish you — i am dead serious,threat,en,augment_template_v2,synthetic_llm
my people promise i'm going to dismantle you — don't test me,threat,en,augment_template_v2,synthetic_llm
we guarantee i will embarrass you if you show your face here again — you've been told,threat,en,augment_template_v2,synthetic_llm
we will demolish you if you ever do that again — you've been told,threat,en,augment_template_v2,synthetic_llm
my people will come find you you — screenshot this,threat,en,augment_template_v2,synthetic_llm
i will obliterate you if you don't fix this — i promise you that,threat,en,augment_template_v2,synthetic_llm
my people can and will track you down you if you don't apologize publicly — screenshot this,threat,en,augment_template_v2,synthetic_llm
i will systematically dismantle every good thing in your life,threat,en,augment_direct,synthetic_llm
my crew guarantee i will track you down you if you don't call me right now — screenshot this,threat,en,augment_template_v2,synthetic_llm
my crew will annihilate you if you show your face here again — i promise you that,threat,en,augment_template_v2,synthetic_llm
"If you keep running your mouth, we promise i'm going to beat you — and i mean every word",threat,en,augment_template_v2,synthetic_llm
"If you cross me one more time, i can and will hunt you down you — you will see",threat,en,augment_template_v2,synthetic_llm
my crew can and will finish you if you come near me again — i promise you that,threat,en,augment_template_v2,synthetic_llm
"If you keep talking, we will find you you — you will see",threat,en,augment_template_v2,synthetic_llm
my crew promise i'm going to locate you you — consider yourself warned,threat,en,augment_template_v2,synthetic_llm
we can and will come find you you if you keep running your mouth — this is not a joke,threat,en,augment_template_v2,synthetic_llm
my crew can and will find you you if you don't call me right now — don't test me,threat,en,augment_template_v2,synthetic_llm
my crew am going to hurt you if you don't leave her alone — screenshot this,threat,en,augment_template_v2,synthetic_llm
i can and will burn down you,threat,en,augment_template_v2,synthetic_llm
i won't hesitate to come find you you — i am dead serious,threat,en,augment_template_v2,synthetic_llm
i swear i'll destroy you — don't test me,threat,en,augment_template_v2,synthetic_llm
"If you don't stop, we can and will end you — don't test me",threat,en,augment_template_v2,synthetic_llm
my people won't hesitate to humiliate you — you've been told,threat,en,augment_template_v2,synthetic_llm
my people will track you down you — i am dead serious,threat,en,augment_template_v2,synthetic_llm
we am going to strip away everything from you if you ignore this message — this is not a joke,threat,en,augment_template_v2,synthetic_llm
my people will hunt you down you — screenshot this,threat,en,augment_template_v2,synthetic_llm
"If you ignore this message, we promise i'm going to obliterate you — mark my words",threat,en,augment_template_v2,synthetic_llm
we guarantee i will track you down you — you will see,threat,en,augment_template_v2,synthetic_llm
we can and will locate you you if you ever do that again,threat,en,augment_template_v2,synthetic_llm
i swear i'll wreck you if you don't take that down — this is not a joke,threat,en,augment_template_v2,synthetic_llm
my people swear i'll come find you you if you don't fix this — this is not a joke,threat,en,augment_template_v2,synthetic_llm
my people won't hesitate to break you — you will see,threat,en,augment_template_v2,synthetic_llm
we can and will dismantle you — you've been told,threat,en,augment_template_v2,synthetic_llm
my crew will devastate you if you don't take that down — you will see,threat,en,augment_template_v2,synthetic_llm
we can and will annihilate you if you keep running your mouth — screenshot this,threat,en,augment_template_v2,synthetic_llm
i guarantee i will snap you if you don't apologize publicly — screenshot this,threat,en,augment_template_v2,synthetic_llm
"If you don't stop, my crew guarantee i will slam you — mark my words",threat,en,augment_template_v2,synthetic_llm
my crew can and will wreck you if you come near me again — don't test me,threat,en,augment_template_v2,synthetic_llm
we swear i'll put down you — i am dead serious,threat,en,augment_template_v2,synthetic_llm
"If you show your face here again, my crew will crack your skull you — this is not a joke",threat,en,augment_template_v2,synthetic_llm
my crew guarantee i will come find you you if you don't apologize publicly — screenshot this,threat,en,augment_template_v2,synthetic_llm
we promise i'm going to destroy you — this is not a joke,threat,en,augment_template_v2,synthetic_llm
"If you come near me again, we guarantee i will end you — and i mean every word",threat,en,augment_template_v2,synthetic_llm
"If you don't fix this, i can and will burn down you — and i mean every word",threat,en,augment_template_v2,synthetic_llm
we will embarrass you if you don't pay me back by 5 minutes — consider yourself warned,threat,en,augment_template_v2,synthetic_llm
i promise i'm going to humiliate you if you don't stop — you've been told,threat,en,augment_template_v2,synthetic_llm
my crew will track you down you — you will see,threat,en,augment_template_v2,synthetic_llm
"If you don't apologize publicly, we swear i'll track you down you — screenshot this",threat,en,augment_template_v2,synthetic_llm
"If you keep running your mouth, my people will track you down you — and i mean every word",threat,en,augment_template_v2,synthetic_llm
my crew will tear apart you,threat,en,augment_template_v2,synthetic_llm
i am going to lay out you if you keep running your mouth — you've been told,threat,en,augment_template_v2,synthetic_llm
"If you come near me again, we won't hesitate to burn down you — i am dead serious",threat,en,augment_template_v2,synthetic_llm
my crew can and will bury you — consider yourself warned,threat,en,augment_template_v2,synthetic_llm
you think it's jokes? you'll stop laughing real soon,threat,en,augment_teen_slang,synthetic_llm
i won't hesitate to wreck you,threat,en,augment_template_v2,synthetic_llm
"If you don't leave her alone, my people can and will tear apart you — consider yourself warned",threat,en,augment_template_v2,synthetic_llm
"If you keep talking, we promise i'm going to stomp you — don't test me",threat,en,augment_template_v2,synthetic_llm
i will make it my mission to undo everything you're trying to build,threat,en,augment_relationship,synthetic_llm
my crew won't hesitate to wreck you if you don't stop — i promise you that,threat,en,augment_template_v2,synthetic_llm
"If you don't take that down, we am going to annihilate you — mark my words",threat,en,augment_template_v2,synthetic_llm
we swear i'll lay out you — don't test me,threat,en,augment_template_v2,synthetic_llm
"If you don't apologize publicly, we guarantee i will expose you — mark my words",threat,en,augment_template_v2,synthetic_llm
"If you don't stop, i can and will burn down you — consider yourself warned",threat,en,augment_template_v2,synthetic_llm
"If you come near me again, my crew guarantee i will locate you you — you will see",threat,en,augment_template_v2,synthetic_llm
"If you cross me one more time, i won't hesitate to put in the hospital you",threat,en,augment_template_v2,synthetic_llm
"If you ignore this message, my people am going to dismantle you — this is not a joke",threat,en,augment_template_v2,synthetic_llm
we am going to knock out you if you don't call me right now — i promise you that,threat,en,augment_template_v2,synthetic_llm
"If you don't take that down, we can and will burn down you — this is not a joke",threat,en,augment_template_v2,synthetic_llm
i swear i'll come for you you — mark my words,threat,en,augment_template_v2,synthetic_llm
my crew won't hesitate to slam you if you ignore this message — you've been told,threat,en,augment_template_v2,synthetic_llm
i promise i'm going to destroy you — you will see,threat,en,augment_template_v2,synthetic_llm
my crew swear i'll come for you you — and i mean every word,threat,en,augment_template_v2,synthetic_llm
"If you don't apologize publicly, i can and will find you you — you've been told",threat,en,augment_template_v2,synthetic_llm
"If you cross me one more time, my crew will beat you — this is not a joke",threat,en,augment_template_v2,synthetic_llm
"If you ignore this message, my crew promise i'm going to annihilate you — consider yourself warned",threat,en,augment_template_v2,synthetic_llm
we won't hesitate to track you down you if you don't fix this,threat,en,augment_template_v2,synthetic_llm
i promise i'm going to come for you you,threat,en,augment_template_v2,synthetic_llm
"If you don't apologize publicly, we promise i'm going to embarrass you — consider yourself warned",threat,en,augment_template_v2,synthetic_llm
"If you don't fix this, i will drag you — i promise you that",threat,en,augment_template_v2,synthetic_llm
"If you show your face here again, i won't hesitate to put down you",threat,en,augment_template_v2,synthetic_llm
"If you don't fix this, my people will obliterate you — i am dead serious",threat,en,augment_template_v2,synthetic_llm
my people can and will strangle you if you don't pay me back by tonight — you will see,threat,en,augment_template_v2,synthetic_llm
my crew guarantee i will pound you if you don't stop — don't test me,threat,en,augment_template_v2,synthetic_llm
my crew guarantee i will pound you if you ever do that again — i am dead serious,threat,en,augment_template_v2,synthetic_llm
we am going to finish you if you cross me one more time — mark my words,threat,en,augment_template_v2,synthetic_llm
my crew won't hesitate to come find you you if you don't apologize publicly — this is not a joke,threat,en,augment_template_v2,synthetic_llm
i'm going to make this personal because you made it personal first,threat,en,augment_direct,synthetic_llm
"If you don't pay me back by tonight, my people can and will come for you you — screenshot this",threat,en,augment_template_v2,synthetic_llm
i promise i'm going to wreck you if you don't call me right now — screenshot this,threat,en,augment_template_v2,synthetic_llm
my people swear i'll crack your skull you — i am dead serious,threat,en,augment_template_v2,synthetic_llm
i will track you down you if you keep this up,threat,en,augment_template_v2,synthetic_llm
i swear i'll hunt you down you — i am dead serious,threat,en,augment_template_v2,synthetic_llm
we swear i'll crack your skull you if you show your face here again — and i mean every word,threat,en,augment_template_v2,synthetic_llm
"If you don't pay me back by tonight, my crew am going to slam you — mark my words",threat,en,augment_template_v2,synthetic_llm
i guarantee i will finish you — consider yourself warned,threat,en,augment_template_v2,synthetic_llm
we promise i'm going to come find you you — you've been told,threat,en,augment_template_v2,synthetic_llm
my crew can and will destroy you if you don't leave her alone — and i mean every word,threat,en,augment_template_v2,synthetic_llm
"If you show your face here again, my crew will snap you — consider yourself warned",threat,en,augment_template_v2,synthetic_llm
my people can and will track you down you if you don't take that down — and i mean every word,threat,en,augment_template_v2,synthetic_llm
my people swear i'll come find you you — i am dead serious,threat,en,augment_template_v2,synthetic_llm
my crew won't hesitate to crack your skull you — screenshot this,threat,en,augment_template_v2,synthetic_llm
my crew guarantee i will strangle you — and i mean every word,threat,en,augment_template_v2,synthetic_llm
my people swear i'll put down you — i am dead serious,threat,en,augment_template_v2,synthetic_llm
"If you cross me one more time, i guarantee i will track you down you — this is not a joke",threat,en,augment_template_v2,synthetic_llm
i guarantee i will come find you you if you don't pay me back by the end of the day — consider yourself warned,threat,en,augment_template_v2,synthetic_llm
my crew guarantee i will embarrass you if you don't stop — consider yourself warned,threat,en,augment_template_v2,synthetic_llm
my crew won't hesitate to find you you if you don't call me right now — screenshot this,threat,en,augment_template_v2,synthetic_llm
"If you keep this up, my crew will lay out you — you've been told",threat,en,augment_template_v2,synthetic_llm
"i'm patient, i'm methodical, and i'm coming for you",threat,en,augment_direct,synthetic_llm
my people swear i'll come find you you — you will see,threat,en,augment_template_v2,synthetic_llm
"If you don't fix this, i won't hesitate to drag you — don't test me",threat,en,augment_template_v2,synthetic_llm
my people promise i'm going to demolish you if you keep this up — i am dead serious,threat,en,augment_template_v2,synthetic_llm
"If you keep talking, i am going to annihilate you — you will see",threat,en,augment_template_v2,synthetic_llm
"If you don't leave her alone, my people swear i'll wreck you — mark my words",threat,en,augment_template_v2,synthetic_llm
my crew can and will embarrass you — consider yourself warned,threat,en,augment_template_v2,synthetic_llm
i am going to devastate you — this is not a joke,threat,en,augment_template_v2,synthetic_llm
my people am going to stomp you if you come near me again — and i mean every word,threat,en,augment_template_v2,synthetic_llm
i'm done negotiating — i'm done warning — i'm done holding back,threat,en,augment_direct,synthetic_llm
i will strip away everything from you if you don't call me right now — you've been told,threat,en,augment_template_v2,synthetic_llm
my crew won't hesitate to locate you you if you don't pay me back by an hour — and i mean every word,threat,en,augment_template_v2,synthetic_llm
we promise i'm going to hunt you down you if you don't apologize publicly — mark my words,threat,en,augment_template_v2,synthetic_llm
my crew won't hesitate to end you — you will see,threat,en,augment_template_v2,synthetic_llm
"If you come near me again, i swear i'll lay out you",threat,en,augment_template_v2,synthetic_llm
we promise i'm going to bury you if you don't stop — don't test me,threat,en,augment_template_v2,synthetic_llm
my crew guarantee i will embarrass you if you don't call me right now — you will see,threat,en,augment_template_v2,synthetic_llm
my crew swear i'll tear apart you if you don't take that down — you will see,threat,en,augment_template_v2,synthetic_llm
we won't hesitate to ruin you — i promise you that,threat,en,augment_template_v2,synthetic_llm
my crew will find you you — screenshot this,threat,en,augment_template_v2,synthetic_llm
we will choke you if you show your face here again — consider yourself warned,threat,en,augment_template_v2,synthetic_llm
my people promise i'm going to bury you,threat,en,augment_template_v2,synthetic_llm
my crew am going to drag you if you don't pay me back by an hour — and i mean every word,threat,en,augment_template_v2,synthetic_llm
my crew won't hesitate to hunt you down you — consider yourself warned,threat,en,augment_template_v2,synthetic_llm
we am going to ruin you — consider yourself warned,threat,en,augment_template_v2,synthetic_llm
i am going to annihilate you — and i mean every word,threat,en,augment_template_v2,synthetic_llm
we can and will locate you you if you don't take that down — screenshot this,threat,en,augment_template_v2,synthetic_llm
"If you keep talking, we won't hesitate to hurt you — i am dead serious",threat,en,augment_template_v2,synthetic_llm
"If you don't take that down, my people guarantee i will break you — screenshot this",threat,en,augment_template_v2,synthetic_llm
"If you don't stop, my people will put in the hospital you — and i mean every word",threat,en,augment_template_v2,synthetic_llm
my people promise i'm going to track you down you if you don't apologize publicly — you've been told,threat,en,augment_template_v2,synthetic_llm
i can and will lay out you,threat,en,augment_template_v2,synthetic_llm
"If you ever do that again, i promise i'm going to hunt you down you — screenshot this",threat,en,augment_template_v2,synthetic_llm
"If you don't apologize publicly, my crew can and will tear apart you — mark my words",threat,en,augment_template_v2,synthetic_llm
i can and will hunt you down you if you don't fix this — screenshot this,threat,en,augment_template_v2,synthetic_llm
you have miscalculated who you're dealing with and you'll pay for that,threat,en,augment_direct,synthetic_llm
my crew promise i'm going to pound you if you show your face here again — mark my words,threat,en,augment_template_v2,synthetic_llm
"If you keep this up, we swear i'll slam you — i am dead serious",threat,en,augment_template_v2,synthetic_llm
my people am going to track you down you if you don't stop — i promise you that,threat,en,augment_template_v2,synthetic_llm
my people will stomp you if you don't take that down — i promise you that,threat,en,augment_template_v2,synthetic_llm
"If you don't take that down, we can and will hunt you down you — consider yourself warned",threat,en,augment_template_v2,synthetic_llm
"If you ever do that again, my crew promise i'm going to strangle you",threat,en,augment_template_v2,synthetic_llm
i won't hesitate to choke you — consider yourself warned,threat,en,augment_template_v2,synthetic_llm
"If you don't fix this, my crew swear i'll come for you you — i promise you that",threat,en,augment_template_v2,synthetic_llm
"If you keep running your mouth, we will lay out you — i am dead serious",threat,en,augment_template_v2,synthetic_llm
i can and will stomp you — and i mean every word,threat,en,augment_template_v2,synthetic_llm
my people promise i'm going to lay out you if you don't apologize publicly — don't test me,threat,en,augment_template_v2,synthetic_llm
you've given me a reason and i've given myself permission,threat,en,augment_direct,synthetic_llm
we am going to come find you you — mark my words,threat,en,augment_template_v2,synthetic_llm
my people am going to come for you you if you keep running your mouth — and i mean every word,threat,en,augment_template_v2,synthetic_llm
"If you come near me again, my crew swear i'll obliterate you — you've been told",threat,en,augment_template_v2,synthetic_llm
"If you keep running your mouth, i will obliterate you — don't test me",threat,en,augment_template_v2,synthetic_llm
my crew promise i'm going to burn down you if you cross me one more time — this is not a joke,threat,en,augment_template_v2,synthetic_llm
my people can and will come find you you if you don't call me right now — don't test me,threat,en,augment_template_v2,synthetic_llm
we promise i'm going to destroy you — i am dead serious,threat,en,augment_template_v2,synthetic_llm
my people am going to ruin you — you've been told,threat,en,augment_template_v2,synthetic_llm
my people won't hesitate to come find you you if you ever do that again — i promise you that,threat,en,augment_template_v2,synthetic_llm
my people am going to track you down you if you keep running your mouth — this is not a joke,threat,en,augment_template_v2,synthetic_llm
i swear i'll ruin you if you ever do that again — you've been told,threat,en,augment_template_v2,synthetic_llm
"If you don't take that down, my crew won't hesitate to strangle you — and i mean every word",threat,en,augment_template_v2,synthetic_llm
my crew can and will devastate you — don't test me,threat,en,augment_template_v2,synthetic_llm
my people guarantee i will wreck you if you keep talking — don't test me,threat,en,augment_template_v2,synthetic_llm
my people can and will lay out you — i am dead serious,threat,en,augment_template_v2,synthetic_llm
i guarantee i will destroy you if you don't pay me back by the end of the day — this is not a joke,threat,en,augment_template_v2,synthetic_llm
my people will hunt you down you — i promise you that,threat,en,augment_template_v2,synthetic_llm
my crew promise i'm going to embarrass you — i promise you that,threat,en,augment_template_v2,synthetic_llm
my people can and will knock out you — consider yourself warned,threat,en,augment_template_v2,synthetic_llm
my people promise i'm going to annihilate you if you don't apologize publicly — mark my words,threat,en,augment_template_v2,synthetic_llm
"If you ignore this message, my crew swear i'll locate you you — screenshot this",threat,en,augment_template_v2,synthetic_llm
"If you keep talking, my people swear i'll choke you — screenshot this",threat,en,augment_template_v2,synthetic_llm
i can and will snap you — don't test me,threat,en,augment_template_v2,synthetic_llm
i know your weak points and i'm going to hit every single one of them,threat,en,augment_direct,synthetic_llm
i am going to track you down you — i promise you that,threat,en,augment_template_v2,synthetic_llm
i am going to ruin you — and i mean every word,threat,en,augment_template_v2,synthetic_llm
i will humiliate you if you don't leave her alone — i am dead serious,threat,en,augment_template_v2,synthetic_llm
"If you ever do that again, we promise i'm going to locate you you — i am dead serious",threat,en,augment_template_v2,synthetic_llm
my people won't hesitate to finish you if you ignore this message — screenshot this,threat,en,augment_template_v2,synthetic_llm
my people guarantee i will demolish you if you don't fix this — and i mean every word,threat,en,augment_template_v2,synthetic_llm
my crew promise i'm going to drag you — you will see,threat,en,augment_template_v2,synthetic_llm
"If you keep running your mouth, i am going to devastate you — i am dead serious",threat,en,augment_template_v2,synthetic_llm
my people promise i'm going to burn down you if you keep this up — and i mean every word,threat,en,augment_template_v2,synthetic_llm
my crew promise i'm going to put down you if you come near me again — you will see,threat,en,augment_template_v2,synthetic_llm
"If you don't leave her alone, my crew guarantee i will come for you you — i promise you that",threat,en,augment_template_v2,synthetic_llm
"If you ever do that again, i promise i'm going to annihilate you — and i mean every word",threat,en,augment_template_v2,synthetic_llm
we am going to break you if you ever do that again — i promise you that,threat,en,augment_template_v2,synthetic_llm
"If you keep talking, i promise i'm going to slam you — screenshot this",threat,en,augment_template_v2,synthetic_llm
i guarantee i will end you if you cross me one more time — i am dead serious,threat,en,augment_template_v2,synthetic_llm
we can and will embarrass you — don't test me,threat,en,augment_template_v2,synthetic_llm
my people guarantee i will stomp you if you keep running your mouth — i promise you that,threat,en,augment_template_v2,synthetic_llm
"If you don't fix this, my people guarantee i will pound you — this is not a joke",threat,en,augment_template_v2,synthetic_llm
my people am going to lay out you — this is not a joke,threat,en,augment_template_v2,synthetic_llm
i promise i'm going to erase you if you ignore this message — mark my words,threat,en,augment_template_v2,synthetic_llm
i won't hesitate to tear apart you — consider yourself warned,threat,en,augment_template_v2,synthetic_llm
"If you keep this up, my crew will finish you — this is not a joke",threat,en,augment_template_v2,synthetic_llm
every good thing i ever said about you becomes ammunition now,threat,en,augment_relationship,synthetic_llm
my people guarantee i will snap you,threat,en,augment_template_v2,synthetic_llm
i am going to ruin you if you keep running your mouth — this is not a joke,threat,en,augment_template_v2,synthetic_llm
i am going to devastate you if you don't pay me back by the end of the day — i am dead serious,threat,en,augment_template_v2,synthetic_llm
"If you keep talking, we guarantee i will knock out you — and i mean every word",threat,en,augment_template_v2,synthetic_llm
"If you keep running your mouth, my people will embarrass you — and i mean every word",threat,en,augment_template_v2,synthetic_llm
we promise i'm going to locate you you if you don't apologize publicly — consider yourself warned,threat,en,augment_template_v2,synthetic_llm
my people won't hesitate to end you if you don't leave her alone — i promise you that,threat,en,augment_template_v2,synthetic_llm
i swear i'll finish you if you don't apologize publicly — don't test me,threat,en,augment_template_v2,synthetic_llm
i can and will obliterate you if you ignore this message — this is not a joke,threat,en,augment_template_v2,synthetic_llm
my people promise i'm going to hurt you,threat,en,augment_template_v2,synthetic_llm
"If you don't take that down, my crew am going to wreck you — you've been told",threat,en,augment_template_v2,synthetic_llm
"If you don't leave her alone, my people will hunt you down you — you've been told",threat,en,augment_template_v2,synthetic_llm
my crew promise i'm going to stomp you if you keep running your mouth — screenshot this,threat,en,augment_template_v2,synthetic_llm
my people guarantee i will lay out you,threat,en,augment_template_v2,synthetic_llm
i guarantee i will destroy you if you come near me again — i am dead serious,threat,en,augment_template_v2,synthetic_llm
"If you don't stop, we can and will pound you — you will see",threat,en,augment_template_v2,synthetic_llm
my crew can and will hunt you down you if you cross me one more time — you will see,threat,en,augment_template_v2,synthetic_llm
"If you don't leave her alone, my people guarantee i will expose you — you will see",threat,en,augment_template_v2,synthetic_llm
my crew won't hesitate to demolish you — don't test me,threat,en,augment_template_v2,synthetic_llm
"If you come near me again, we swear i'll break you — i am dead serious",threat,en,augment_template_v2,synthetic_llm
we swear i'll finish you if you don't pay me back by the end of the day — i promise you that,threat,en,augment_template_v2,synthetic_llm
i won't hesitate to devastate you — you will see,threat,en,augment_template_v2,synthetic_llm
"If you keep talking, i guarantee i will hunt you down you — screenshot this",threat,en,augment_template_v2,synthetic_llm
my crew am going to beat you — screenshot this,threat,en,augment_template_v2,synthetic_llm
i won't hesitate to strip away everything from you — you've been told,threat,en,augment_template_v2,synthetic_llm
my people promise i'm going to come for you you if you show your face here again — i am dead serious,threat,en,augment_template_v2,synthetic_llm
my people will embarrass you — this is not a joke,threat,en,augment_template_v2,synthetic_llm
my crew swear i'll wreck you if you don't call me right now — i promise you that,threat,en,augment_template_v2,synthetic_llm
my people guarantee i will find you you — screenshot this,threat,en,augment_template_v2,synthetic_llm
we promise i'm going to obliterate you if you show your face here again — mark my words,threat,en,augment_template_v2,synthetic_llm
"If you ever do that again, my crew promise i'm going to track you down you — i promise you that",threat,en,augment_template_v2,synthetic_llm
bro tested the fence and the fence is electric rn,threat,en,augment_teen_slang,synthetic_llm
my people am going to burn down you — consider yourself warned,threat,en,augment_template_v2,synthetic_llm
"If you show your face here again, i won't hesitate to expose you — you will see",threat,en,augment_template_v2,synthetic_llm
we swear i'll put in the hospital you if you cross me one more time,threat,en,augment_template_v2,synthetic_llm
we promise i'm going to annihilate you — this is not a joke,threat,en,augment_template_v2,synthetic_llm
we can and will strip away everything from you — screenshot this,threat,en,augment_template_v2,synthetic_llm
"If you don't stop, we swear i'll snap you — mark my words",threat,en,augment_template_v2,synthetic_llm
i will expose you — consider yourself warned,threat,en,augment_template_v2,synthetic_llm
"If you don't leave her alone, we can and will wreck you — you will see",threat,en,augment_template_v2,synthetic_llm
my people won't hesitate to come find you you if you don't call me right now — this is not a joke,threat,en,augment_template_v2,synthetic_llm
"If you show your face here again, my people swear i'll humiliate you — you will see",threat,en,augment_template_v2,synthetic_llm
i swear i'll break you if you don't pay me back by the end of the day — and i mean every word,threat,en,augment_template_v2,synthetic_llm
"If you ever do that again, we promise i'm going to come find you you",threat,en,augment_template_v2,synthetic_llm
i guarantee i will choke you if you cross me one more time — screenshot this,threat,en,augment_template_v2,synthetic_llm
"If you ever do that again, i guarantee i will wreck you — i am dead serious",threat,en,augment_template_v2,synthetic_llm
my crew swear i'll track you down you — this is not a joke,threat,en,augment_template_v2,synthetic_llm
i swear i'll come find you you,threat,en,augment_template_v2,synthetic_llm
i promise i'm going to track you down you — mark my words,threat,en,augment_template_v2,synthetic_llm
we will come for you you if you don't pay me back by 24 hours — this is not a joke,threat,en,augment_template_v2,synthetic_llm
we won't hesitate to embarrass you if you cross me one more time — consider yourself warned,threat,en,augment_template_v2,synthetic_llm
my crew will hunt you down you if you don't stop — don't test me,threat,en,augment_template_v2,synthetic_llm
we swear i'll hunt you down you — i am dead serious,threat,en,augment_template_v2,synthetic_llm
"If you show your face here again, my people am going to humiliate you — i am dead serious",threat,en,augment_template_v2,synthetic_llm
my people can and will hunt you down you if you keep this up — and i mean every word,threat,en,augment_template_v2,synthetic_llm
"If you show your face here again, we promise i'm going to ruin you — don't test me",threat,en,augment_template_v2,synthetic_llm
i won't hesitate to find you you if you ever do that again — consider yourself warned,threat,en,augment_template_v2,synthetic_llm
my crew will destroy you if you keep talking — consider yourself warned,threat,en,augment_template_v2,synthetic_llm
"If you keep talking, my people am going to track you down you — don't test me",threat,en,augment_template_v2,synthetic_llm
my people am going to pound you if you don't call me right now,threat,en,augment_template_v2,synthetic_llm
we swear i'll come for you you if you don't call me right now — i am dead serious,threat,en,augment_template_v2,synthetic_llm
"If you keep this up, my crew will track you down you — and i mean every word",threat,en,augment_template_v2,synthetic_llm
"If you show your face here again, my crew won't hesitate to beat you — i promise you that",threat,en,augment_template_v2,synthetic_llm
"If you keep this up, we swear i'll hunt you down you — and i mean every word",threat,en,augment_template_v2,synthetic_llm
my people swear i'll pound you — don't test me,threat,en,augment_template_v2,synthetic_llm
"If you don't stop, my people guarantee i will put down you — and i mean every word",threat,en,augment_template_v2,synthetic_llm
my crew won't hesitate to come for you you — don't test me,threat,en,augment_template_v2,synthetic_llm
we promise i'm going to annihilate you if you don't call me right now — consider yourself warned,threat,en,augment_template_v2,synthetic_llm
we will demolish you if you come near me again — mark my words,threat,en,augment_template_v2,synthetic_llm
"If you don't call me right now, my crew am going to choke you — mark my words",threat,en,augment_template_v2,synthetic_llm
we am going to snap you — and i mean every word,threat,en,augment_template_v2,synthetic_llm
i can and will ruin you if you ever do that again,threat,en,augment_template_v2,synthetic_llm
my people will come find you you if you don't take that down — this is not a joke,threat,en,augment_template_v2,synthetic_llm
my crew swear i'll locate you you — this is not a joke,threat,en,augment_template_v2,synthetic_llm
"If you don't apologize publicly, i promise i'm going to erase you — screenshot this",threat,en,augment_template_v2,synthetic_llm
we swear i'll choke you if you don't fix this — screenshot this,threat,en,augment_template_v2,synthetic_llm
"If you don't apologize publicly, my crew guarantee i will come for you you — don't test me",threat,en,augment_template_v2,synthetic_llm
we guarantee i will find you you — mark my words,threat,en,augment_template_v2,synthetic_llm
my crew won't hesitate to finish you if you don't pay me back by tonight — this is not a joke,threat,en,augment_template_v2,synthetic_llm
my crew swear i'll come for you you,threat,en,augment_template_v2,synthetic_llm
my crew promise i'm going to end you if you ignore this message,threat,en,augment_template_v2,synthetic_llm
i can and will slam you — this is not a joke,threat,en,augment_template_v2,synthetic_llm
"If you don't call me right now, we can and will locate you you — i promise you that",threat,en,augment_template_v2,synthetic_llm
we will locate you you — i am dead serious,threat,en,augment_template_v2,synthetic_llm
"If you come near me again, i am going to come for you you — screenshot this",threat,en,augment_template_v2,synthetic_llm
"If you don't fix this, i can and will destroy you",threat,en,augment_template_v2,synthetic_llm
my people guarantee i will locate you you if you ever do that again — you've been told,threat,en,augment_template_v2,synthetic_llm
i'm going to destroy you so completely you won't recognize the ruins,threat,en,augment_direct,synthetic_llm
we can and will wreck you,threat,en,augment_template_v2,synthetic_llm
my people will humiliate you if you don't fix this — and i mean every word,threat,en,augment_template_v2,synthetic_llm
i can and will lay out you — don't test me,threat,en,augment_template_v2,synthetic_llm
my people swear i'll destroy you if you ignore this message,threat,en,augment_template_v2,synthetic_llm
i promise i'm going to come for you you if you don't pay me back by tonight — this is not a joke,threat,en,augment_template_v2,synthetic_llm
"If you don't pay me back by 24 hours, i won't hesitate to embarrass you — you will see",threat,en,augment_template_v2,synthetic_llm
we promise i'm going to stomp you if you ever do that again — this is not a joke,threat,en,augment_template_v2,synthetic_llm
"If you come near me again, we am going to finish you",threat,en,augment_template_v2,synthetic_llm
we am going to beat you if you don't apologize publicly — you've been told,threat,en,augment_template_v2,synthetic_llm
we can and will locate you you if you ever do that again — you've been told,threat,en,augment_template_v2,synthetic_llm
"If you don't leave her alone, my people won't hesitate to pound you — this is not a joke",threat,en,augment_template_v2,synthetic_llm
we will track you down you — this is not a joke,threat,en,augment_template_v2,synthetic_llm
"If you ignore this message, my crew will come for you you — and i mean every word",threat,en,augment_template_v2,synthetic_llm
"If you don't leave her alone, i promise i'm going to track you down you — and i mean every word",threat,en,augment_template_v2,synthetic_llm
i promise i'm going to knock out you,threat,en,augment_template_v2,synthetic_llm
my crew promise i'm going to erase you if you don't pay me back by an hour — don't test me,threat,en,augment_template_v2,synthetic_llm
"If you come near me again, my people can and will demolish you — and i mean every word",threat,en,augment_template_v2,synthetic_llm
"If you ignore this message, i can and will erase you — i promise you that",threat,en,augment_template_v2,synthetic_llm
"If you don't take that down, my crew promise i'm going to devastate you — this is not a joke",threat,en,augment_template_v2,synthetic_llm
i won't hesitate to come for you you if you don't stop — don't test me,threat,en,augment_template_v2,synthetic_llm
say my name one more time and i'll come find out what yours sounds like in pain,threat,en,augment_teen_slang,synthetic_llm
"If you don't stop, i am going to pound you — screenshot this",threat,en,augment_template_v2,synthetic_llm
my people am going to put in the hospital you if you show your face here again,threat,en,augment_template_v2,synthetic_llm
my crew swear i'll stomp you — mark my words,threat,en,augment_template_v2,synthetic_llm
my crew swear i'll come for you you — you've been told,threat,en,augment_template_v2,synthetic_llm
we swear i'll come find you you — this is not a joke,threat,en,augment_template_v2,synthetic_llm
my people will burn down you — you've been told,threat,en,augment_template_v2,synthetic_llm
my crew swear i'll annihilate you if you don't pay me back by an hour — consider yourself warned,threat,en,augment_template_v2,synthetic_llm
my crew am going to track you down you if you keep this up — screenshot this,threat,en,augment_template_v2,synthetic_llm
we promise i'm going to choke you — screenshot this,threat,en,augment_template_v2,synthetic_llm
my crew guarantee i will hurt you if you ever do that again — i am dead serious,threat,en,augment_template_v2,synthetic_llm
"If you don't stop, my people swear i'll find you you — don't test me",threat,en,augment_template_v2,synthetic_llm
"If you don't pay me back by an hour, my crew will beat you — this is not a joke",threat,en,augment_template_v2,synthetic_llm
my crew won't hesitate to end you if you don't apologize publicly — i promise you that,threat,en,augment_template_v2,synthetic_llm
we am going to burn down you — consider yourself warned,threat,en,augment_template_v2,synthetic_llm
we promise i'm going to track you down you if you don't call me right now — don't test me,threat,en,augment_template_v2,synthetic_llm
"If you show your face here again, my crew am going to put in the hospital you — you've been told",threat,en,augment_template_v2,synthetic_llm
we am going to slam you if you don't call me right now — i promise you that,threat,en,augment_template_v2,synthetic_llm
we guarantee i will obliterate you if you don't apologize publicly — you will see,threat,en,augment_template_v2,synthetic_llm
i can and will tear apart you — i am dead serious,threat,en,augment_template_v2,synthetic_llm
"If you don't pay me back by 5 minutes, my crew swear i'll slam you — this is not a joke",threat,en,augment_template_v2,synthetic_llm
my people won't hesitate to burn down you if you don't leave her alone — consider yourself warned,threat,en,augment_template_v2,synthetic_llm
"If you ever do that again, my crew won't hesitate to come for you you",threat,en,augment_template_v2,synthetic_llm
my people guarantee i will track you down you — don't test me,threat,en,augment_template_v2,synthetic_llm
my people can and will come find you you if you don't call me right now,threat,en,augment_template_v2,synthetic_llm
i promise i'm going to devastate you — don't test me,threat,en,augment_template_v2,synthetic_llm
my people am going to humiliate you if you keep this up — screenshot this,threat,en,augment_template_v2,synthetic_llm
we am going to put in the hospital you — don't test me,threat,en,augment_template_v2,synthetic_llm
my people guarantee i will bury you — you will see,threat,en,augment_template_v2,synthetic_llm
my crew swear i'll wreck you — consider yourself warned,threat,en,augment_template_v2,synthetic_llm
i won't hesitate to beat you — you've been told,threat,en,augment_template_v2,synthetic_llm
"If you keep running your mouth, my crew swear i'll snap you — mark my words",threat,en,augment_template_v2,synthetic_llm
you've cornered me and a cornered person has nothing to lose,threat,en,augment_direct,synthetic_llm
my people promise i'm going to come for you you if you cross me one more time — consider yourself warned,threat,en,augment_template_v2,synthetic_llm
my crew swear i'll come for you you — mark my words,threat,en,augment_template_v2,synthetic_llm
"If you don't leave her alone, i promise i'm going to hurt you — i am dead serious",threat,en,augment_template_v2,synthetic_llm
"If you cross me one more time, i can and will drag you — screenshot this",threat,en,augment_template_v2,synthetic_llm
my crew promise i'm going to wreck you — i am dead serious,threat,en,augment_template_v2,synthetic_llm
i swear i'll devastate you — i promise you that,threat,en,augment_template_v2,synthetic_llm
my crew promise i'm going to erase you — consider yourself warned,threat,en,augment_template_v2,synthetic_llm
"If you cross me one more time, my people will hunt you down you",threat,en,augment_template_v2,synthetic_llm
we guarantee i will wreck you if you don't apologize publicly — don't test me,threat,en,augment_template_v2,synthetic_llm
i swear i'll embarrass you — screenshot this,threat,en,augment_template_v2,synthetic_llm
we promise i'm going to come for you you if you don't apologize publicly — and i mean every word,threat,en,augment_template_v2,synthetic_llm
my people will come find you you if you keep this up — you will see,threat,en,augment_template_v2,synthetic_llm
"If you show your face here again, we am going to slam you — and i mean every word",threat,en,augment_template_v2,synthetic_llm
"If you keep running your mouth, my crew guarantee i will devastate you — mark my words",threat,en,augment_template_v2,synthetic_llm
i am going to destroy you — i am dead serious,threat,en,augment_template_v2,synthetic_llm
"If you show your face here again, my crew guarantee i will crack your skull you — screenshot this",threat,en,augment_template_v2,synthetic_llm
we promise i'm going to burn down you if you ever do that again,threat,en,augment_template_v2,synthetic_llm
we am going to come for you you if you ignore this message — screenshot this,threat,en,augment_template_v2,synthetic_llm
"If you keep running your mouth, my people swear i'll humiliate you — mark my words",threat,en,augment_template_v2,synthetic_llm
my people guarantee i will locate you you if you don't stop — screenshot this,threat,en,augment_template_v2,synthetic_llm
i guarantee i will hunt you down you if you show your face here again — don't test me,threat,en,augment_template_v2,synthetic_llm
"If you come near me again, my people can and will find you you — i am dead serious",threat,en,augment_template_v2,synthetic_llm
"If you don't pay me back by an hour, my crew promise i'm going to strangle you — you will see",threat,en,augment_template_v2,synthetic_llm
i will drag you if you come near me again — consider yourself warned,threat,en,augment_template_v2,synthetic_llm
"If you don't stop, my people will hunt you down you — this is not a joke",threat,en,augment_template_v2,synthetic_llm
my crew can and will hurt you if you show your face here again — mark my words,threat,en,augment_template_v2,synthetic_llm
"If you ever do that again, my people can and will finish you — i am dead serious",threat,en,augment_template_v2,synthetic_llm
my crew promise i'm going to beat you — this is not a joke,threat,en,augment_template_v2,synthetic_llm
"If you ignore this message, my people guarantee i will come find you you — i am dead serious",threat,en,augment_template_v2,synthetic_llm
my people will find you you if you ever do that again,threat,en,augment_template_v2,synthetic_llm
my crew will bury you if you keep running your mouth — you will see,threat,en,augment_template_v2,synthetic_llm
"If you ignore this message, we won't hesitate to demolish you — screenshot this",threat,en,augment_template_v2,synthetic_llm
i guarantee i will expose you — i am dead serious,threat,en,augment_template_v2,synthetic_llm
i swear i'll find you you — i promise you that,threat,en,augment_template_v2,synthetic_llm
my crew promise i'm going to obliterate you if you show your face here again — consider yourself warned,threat,en,augment_template_v2,synthetic_llm
i guarantee i will find you you — this is not a joke,threat,en,augment_template_v2,synthetic_llm
i promise i'm going to break you — consider yourself warned,threat,en,augment_template_v2,synthetic_llm
"If you show your face here again, i will drag you — i promise you that",threat,en,augment_template_v2,synthetic_llm
my crew won't hesitate to break you — this is not a joke,threat,en,augment_template_v2,synthetic_llm
we swear i'll hunt you down you if you ignore this message — you've been told,threat,en,augment_template_v2,synthetic_llm
"If you don't pay me back by an hour, we promise i'm going to locate you you — screenshot this",threat,en,augment_template_v2,synthetic_llm
my crew will break you — screenshot this,threat,en,augment_template_v2,synthetic_llm
my people am going to embarrass you — i am dead serious,threat,en,augment_template_v2,synthetic_llm
i will track you down you — mark my words,threat,en,augment_template_v2,synthetic_llm
"If you keep talking, my people swear i'll find you you — mark my words",threat,en,augment_template_v2,synthetic_llm
we guarantee i will stomp you — mark my words,threat,en,augment_template_v2,synthetic_llm
"If you don't fix this, we am going to expose you",threat,en,augment_template_v2,synthetic_llm
i promise i'm going to humiliate you if you cross me one more time — this is not a joke,threat,en,augment_template_v2,synthetic_llm
we promise i'm going to put in the hospital you,threat,en,augment_template_v2,synthetic_llm
"If you don't pay me back by 24 hours, my people am going to locate you you — i promise you that",threat,en,augment_template_v2,synthetic_llm
"If you ignore this message, i can and will erase you — this is not a joke",threat,en,augment_template_v2,synthetic_llm
"If you don't pay me back by 24 hours, i will come for you you — you will see",threat,en,augment_template_v2,synthetic_llm
i will locate you you if you don't call me right now,threat,en,augment_template_v2,synthetic_llm
"If you ever do that again, i swear i'll demolish you — i am dead serious",threat,en,augment_template_v2,synthetic_llm
my people promise i'm going to demolish you if you don't leave her alone — you will see,threat,en,augment_template_v2,synthetic_llm
"If you ever do that again, we swear i'll put down you — and i mean every word",threat,en,augment_template_v2,synthetic_llm
i am going to lay out you — mark my words,threat,en,augment_template_v2,synthetic_llm
my people swear i'll tear apart you if you show your face here again — this is not a joke,threat,en,augment_template_v2,synthetic_llm
you should look both ways more carefully from now on,threat,en,augment_indirect,synthetic_llm
i'll catch a case over you and still think it was worth it fr,threat,en,augment_teen_slang,synthetic_llm
my crew can and will devastate you — screenshot this,threat,en,augment_template_v2,synthetic_llm
"If you don't pay me back by tonight, we will annihilate you — you've been told",threat,en,augment_template_v2,synthetic_llm
i can and will destroy you — consider yourself warned,threat,en,augment_template_v2,synthetic_llm
i am going to come for you you — mark my words,threat,en,augment_template_v2,synthetic_llm
"If you don't stop, we promise i'm going to track you down you — mark my words",threat,en,augment_template_v2,synthetic_llm
"If you don't fix this, i won't hesitate to locate you you — mark my words",threat,en,augment_template_v2,synthetic_llm
i will strip away everything from you — this is not a joke,threat,en,augment_template_v2,synthetic_llm
my people will hurt you — this is not a joke,threat,en,augment_template_v2,synthetic_llm
we can and will choke you if you don't fix this — you will see,threat,en,augment_template_v2,synthetic_llm
i've never been more certain about anything than i am about this,threat,en,augment_direct,synthetic_llm
we guarantee i will choke you if you cross me one more time — screenshot this,threat,en,augment_template_v2,synthetic_llm
we will wreck you if you cross me one more time — you will see,threat,en,augment_template_v2,synthetic_llm
i won't hesitate to come for you you — you've been told,threat,en,augment_template_v2,synthetic_llm
i am going to locate you you — and i mean every word,threat,en,augment_template_v2,synthetic_llm
"If you don't stop, my people promise i'm going to locate you you — you will see",threat,en,augment_template_v2,synthetic_llm
"If you don't stop, my crew promise i'm going to demolish you — mark my words",threat,en,augment_template_v2,synthetic_llm
i swear i'll devastate you if you don't call me right now — i promise you that,threat,en,augment_template_v2,synthetic_llm
my crew am going to bury you if you cross me one more time — you will see,threat,en,augment_template_v2,synthetic_llm
we won't hesitate to bury you — i promise you that,threat,en,augment_template_v2,synthetic_llm
my crew can and will choke you if you don't leave her alone — mark my words,threat,en,augment_template_v2,synthetic_llm
my crew will pound you,threat,en,augment_template_v2,synthetic_llm
my crew guarantee i will embarrass you — and i mean every word,threat,en,augment_template_v2,synthetic_llm
"If you ignore this message, my people can and will erase you — and i mean every word",threat,en,augment_template_v2,synthetic_llm
"If you don't fix this, we will embarrass you — you've been told",threat,en,augment_template_v2,synthetic_llm
my people am going to locate you you if you don't call me right now — don't test me,threat,en,augment_template_v2,synthetic_llm
my people am going to crack your skull you if you don't take that down — i am dead serious,threat,en,augment_template_v2,synthetic_llm
my crew will snap you if you don't apologize publicly — this is not a joke,threat,en,augment_template_v2,synthetic_llm
i guarantee i will wreck you if you don't call me right now — consider yourself warned,threat,en,augment_template_v2,synthetic_llm
i can and will humiliate you — don't test me,threat,en,augment_template_v2,synthetic_llm
"If you ever do that again, we promise i'm going to locate you you — this is not a joke",threat,en,augment_template_v2,synthetic_llm
"If you come near me again, i am going to humiliate you — i promise you that",threat,en,augment_template_v2,synthetic_llm
my people promise i'm going to demolish you if you don't take that down — and i mean every word,threat,en,augment_template_v2,synthetic_llm
we can and will break you if you ignore this message — don't test me,threat,en,augment_template_v2,synthetic_llm
my crew will strip away everything from you if you cross me one more time — consider yourself warned,threat,en,augment_template_v2,synthetic_llm
we swear i'll embarrass you if you don't fix this — screenshot this,threat,en,augment_template_v2,synthetic_llm
"If you don't pay me back by tonight, my people can and will drag you — and i mean every word",threat,en,augment_template_v2,synthetic_llm
we am going to embarrass you — and i mean every word,threat,en,augment_template_v2,synthetic_llm
we can and will wreck you if you don't fix this — don't test me,threat,en,augment_template_v2,synthetic_llm
"If you don't apologize publicly, my people will track you down you — i am dead serious",threat,en,augment_template_v2,synthetic_llm
my people guarantee i will burn down you if you don't apologize publicly — and i mean every word,threat,en,augment_template_v2,synthetic_llm
"If you cross me one more time, my crew promise i'm going to put down you — don't test me",threat,en,augment_template_v2,synthetic_llm
my people am going to put in the hospital you,threat,en,augment_template_v2,synthetic_llm
my crew swear i'll break you — this is not a joke,threat,en,augment_template_v2,synthetic_llm
my people guarantee i will humiliate you if you don't stop — you've been told,threat,en,augment_template_v2,synthetic_llm
we guarantee i will wreck you if you come near me again — you've been told,threat,en,augment_template_v2,synthetic_llm
my people guarantee i will destroy you if you don't stop — consider yourself warned,threat,en,augment_template_v2,synthetic_llm
my crew promise i'm going to end you — i promise you that,threat,en,augment_template_v2,synthetic_llm
i will strip you of everything you have with a smile on my face,threat,en,augment_direct,synthetic_llm
my crew won't hesitate to embarrass you — and i mean every word,threat,en,augment_template_v2,synthetic_llm
"If you ignore this message, i will demolish you — screenshot this",threat,en,augment_template_v2,synthetic_llm
we swear i'll locate you you — screenshot this,threat,en,augment_template_v2,synthetic_llm
"If you don't fix this, my people guarantee i will hunt you down you — i promise you that",threat,en,augment_template_v2,synthetic_llm
my people swear i'll wreck you if you don't call me right now — and i mean every word,threat,en,augment_template_v2,synthetic_llm
my people swear i'll wreck you if you keep talking — you've been told,threat,en,augment_template_v2,synthetic_llm
i guarantee i will destroy you — mark my words,threat,en,augment_template_v2,synthetic_llm
i won't hesitate to obliterate you if you keep this up — screenshot this,threat,en,augment_template_v2,synthetic_llm
we promise i'm going to bury you if you don't pay me back by 5 minutes — i am dead serious,threat,en,augment_template_v2,synthetic_llm
"If you don't stop, my crew am going to come for you you — i promise you that",threat,en,augment_template_v2,synthetic_llm
run your calculations again — none of them end well for you,threat,en,augment_direct,synthetic_llm
you walked out — i don't accept that and i never will,threat,en,augment_relationship,synthetic_llm
i can and will locate you you — mark my words,threat,en,augment_template_v2,synthetic_llm
my people won't hesitate to come for you you if you come near me again — i promise you that,threat,en,augment_template_v2,synthetic_llm
i won't hesitate to bury you — you will see,threat,en,augment_template_v2,synthetic_llm
"If you show your face here again, my people will hunt you down you — you will see",threat,en,augment_template_v2,synthetic_llm
we won't hesitate to stomp you if you don't stop — don't test me,threat,en,augment_template_v2,synthetic_llm
"If you don't stop, my people am going to burn down you — i am dead serious",threat,en,augment_template_v2,synthetic_llm
my crew swear i'll strip away everything from you — you've been told,threat,en,augment_template_v2,synthetic_llm
we can and will come find you you — you've been told,threat,en,augment_template_v2,synthetic_llm
"If you don't stop, i am going to expose you — screenshot this",threat,en,augment_template_v2,synthetic_llm
my people promise i'm going to come for you you if you keep running your mouth,threat,en,augment_template_v2,synthetic_llm
we am going to find you you if you ignore this message — screenshot this,threat,en,augment_template_v2,synthetic_llm
"If you keep this up, i will find you you — you've been told",threat,en,augment_template_v2,synthetic_llm
my crew am going to hunt you down you if you don't take that down — i promise you that,threat,en,augment_template_v2,synthetic_llm
my people can and will destroy you if you come near me again — i am dead serious,threat,en,augment_template_v2,synthetic_llm
"If you don't apologize publicly, my people won't hesitate to hunt you down you — you've been told",threat,en,augment_template_v2,synthetic_llm
"If you don't leave her alone, my people am going to choke you — i am dead serious",threat,en,augment_template_v2,synthetic_llm
"If you don't leave her alone, we will end you — i am dead serious",threat,en,augment_template_v2,synthetic_llm
"If you show your face here again, my people promise i'm going to destroy you — don't test me",threat,en,augment_template_v2,synthetic_llm
i am going to hunt you down you if you keep running your mouth — mark my words,threat,en,augment_template_v2,synthetic_llm
the way you treated me has consequences that are arriving shortly,threat,en,augment_direct,synthetic_llm
"If you keep running your mouth, i swear i'll destroy you — mark my words",threat,en,augment_template_v2,synthetic_llm
my crew swear i'll finish you — mark my words,threat,en,augment_template_v2,synthetic_llm
my people guarantee i will snap you — you will see,threat,en,augment_template_v2,synthetic_llm
"If you keep this up, my people won't hesitate to embarrass you — this is not a joke",threat,en,augment_template_v2,synthetic_llm
my people promise i'm going to erase you — don't test me,threat,en,augment_template_v2,synthetic_llm
"If you don't stop, i promise i'm going to come find you you — mark my words",threat,en,augment_template_v2,synthetic_llm
we won't hesitate to erase you if you cross me one more time — i promise you that,threat,en,augment_template_v2,synthetic_llm
my people am going to erase you if you keep running your mouth — you've been told,threat,en,augment_template_v2,synthetic_llm
"If you don't leave her alone, my crew guarantee i will snap you — and i mean every word",threat,en,augment_template_v2,synthetic_llm
my crew swear i'll demolish you if you don't call me right now — i am dead serious,threat,en,augment_template_v2,synthetic_llm
i promise i'm going to come find you you,threat,en,augment_template_v2,synthetic_llm
"If you don't apologize publicly, i can and will come find you you — consider yourself warned",threat,en,augment_template_v2,synthetic_llm
i swear i'll find you you,threat,en,augment_template_v2,synthetic_llm
"If you don't take that down, my crew will come for you you — consider yourself warned",threat,en,augment_template_v2,synthetic_llm
i won't hesitate to finish you — i promise you that,threat,en,augment_template_v2,synthetic_llm
i guarantee i will hurt you if you ignore this message — i am dead serious,threat,en,augment_template_v2,synthetic_llm
"If you keep running your mouth, my crew swear i'll locate you you — you've been told",threat,en,augment_template_v2,synthetic_llm
we can and will end you if you show your face here again — don't test me,threat,en,augment_template_v2,synthetic_llm
my crew can and will embarrass you — screenshot this,threat,en,augment_template_v2,synthetic_llm
my crew won't hesitate to burn down you — i am dead serious,threat,en,augment_template_v2,synthetic_llm
"If you don't call me right now, we can and will come for you you — screenshot this",threat,en,augment_template_v2,synthetic_llm
my people swear i'll find you you — don't test me,threat,en,augment_template_v2,synthetic_llm
"If you don't pay me back by the end of the day, my crew guarantee i will come for you you — i promise you that",threat,en,augment_template_v2,synthetic_llm
"If you don't fix this, we promise i'm going to finish you — i am dead serious",threat,en,augment_template_v2,synthetic_llm
i will burn down you — and i mean every word,threat,en,augment_template_v2,synthetic_llm
"If you don't fix this, we swear i'll find you you — screenshot this",threat,en,augment_template_v2,synthetic_llm
i swear i'll come find you you — i promise you that,threat,en,augment_template_v2,synthetic_llm
i won't hesitate to embarrass you if you ever do that again — i promise you that,threat,en,augment_template_v2,synthetic_llm
my people will drag you if you ever do that again — and i mean every word,threat,en,augment_template_v2,synthetic_llm
we swear i'll come find you you,threat,en,augment_template_v2,synthetic_llm
we won't hesitate to expose you — consider yourself warned,threat,en,augment_template_v2,synthetic_llm
i will beat you — don't test me,threat,en,augment_template_v2,synthetic_llm
"If you don't fix this, we will locate you you — mark my words",threat,en,augment_template_v2,synthetic_llm
i am going to end you — don't test me,threat,en,augment_template_v2,synthetic_llm
we guarantee i will wreck you if you keep this up — you've been told,threat,en,augment_template_v2,synthetic_llm
"If you come near me again, my crew won't hesitate to pound you — don't test me",threat,en,augment_template_v2,synthetic_llm
we swear i'll come find you you if you don't call me right now — don't test me,threat,en,augment_template_v2,synthetic_llm
i will locate you you if you don't leave her alone — i promise you that,threat,en,augment_template_v2,synthetic_llm
my people am going to lay out you — i promise you that,threat,en,augment_template_v2,synthetic_llm
we promise i'm going to wreck you if you don't take that down — this is not a joke,threat,en,augment_template_v2,synthetic_llm
we can and will pound you — i promise you that,threat,en,augment_template_v2,synthetic_llm
"If you don't stop, i can and will end you — i promise you that",threat,en,augment_template_v2,synthetic_llm
i swear i'll expose you — screenshot this,threat,en,augment_template_v2,synthetic_llm
my people am going to beat you — you've been told,threat,en,augment_template_v2,synthetic_llm
"If you cross me one more time, i won't hesitate to find you you — mark my words",threat,en,augment_template_v2,synthetic_llm
i can and will ruin you — consider yourself warned,threat,en,augment_template_v2,synthetic_llm
"If you come near me again, we promise i'm going to track you down you — you've been told",threat,en,augment_template_v2,synthetic_llm
i promise i'm going to burn down you if you don't take that down — i promise you that,threat,en,augment_template_v2,synthetic_llm
my crew won't hesitate to end you — don't test me,threat,en,augment_template_v2,synthetic_llm
my crew can and will hunt you down you — and i mean every word,threat,en,augment_template_v2,synthetic_llm
my crew swear i'll wreck you if you don't leave her alone — mark my words,threat,en,augment_template_v2,synthetic_llm
"If you ever do that again, i won't hesitate to come find you you — this is not a joke",threat,en,augment_template_v2,synthetic_llm
my people will find you you if you ignore this message — you've been told,threat,en,augment_template_v2,synthetic_llm
"If you don't stop, we will burn down you — consider yourself warned",threat,en,augment_template_v2,synthetic_llm
my people can and will obliterate you — you will see,threat,en,augment_template_v2,synthetic_llm
"If you cross me one more time, my crew am going to come find you you — i am dead serious",threat,en,augment_template_v2,synthetic_llm
my people am going to come find you you — i promise you that,threat,en,augment_template_v2,synthetic_llm
my people promise i'm going to locate you you if you ignore this message — this is not a joke,threat,en,augment_template_v2,synthetic_llm
my people promise i'm going to locate you you — and i mean every word,threat,en,augment_template_v2,synthetic_llm
what a shame it would be if your secrets stopped being secret,threat,en,augment_indirect,synthetic_llm
my crew am going to ruin you,threat,en,augment_template_v2,synthetic_llm
we guarantee i will devastate you — this is not a joke,threat,en,augment_template_v2,synthetic_llm
my people promise i'm going to hunt you down you if you don't take that down — and i mean every word,threat,en,augment_template_v2,synthetic_llm
"If you don't pay me back by an hour, i guarantee i will devastate you — this is not a joke",threat,en,augment_template_v2,synthetic_llm
"If you cross me one more time, my people won't hesitate to hunt you down you",threat,en,augment_template_v2,synthetic_llm
we can and will put down you — consider yourself warned,threat,en,augment_template_v2,synthetic_llm
"If you show your face here again, my people am going to find you you — consider yourself warned",threat,en,augment_template_v2,synthetic_llm
my crew will ruin you — screenshot this,threat,en,augment_template_v2,synthetic_llm
"If you ever do that again, my people guarantee i will drag you — screenshot this",threat,en,augment_template_v2,synthetic_llm
we promise i'm going to wreck you if you show your face here again — you will see,threat,en,augment_template_v2,synthetic_llm
"If you don't call me right now, my people promise i'm going to put down you — i promise you that",threat,en,augment_template_v2,synthetic_llm
my crew guarantee i will obliterate you if you don't pay me back by 24 hours — mark my words,threat,en,augment_template_v2,synthetic_llm
my crew promise i'm going to lay out you — mark my words,threat,en,augment_template_v2,synthetic_llm
"If you show your face here again, we promise i'm going to drag you — screenshot this",threat,en,augment_template_v2,synthetic_llm
we won't hesitate to hunt you down you — screenshot this,threat,en,augment_template_v2,synthetic_llm
"If you keep talking, my crew am going to hunt you down you — this is not a joke",threat,en,augment_template_v2,synthetic_llm
i won't hesitate to wreck you if you keep running your mouth — consider yourself warned,threat,en,augment_template_v2,synthetic_llm
"If you come near me again, my people swear i'll burn down you — this is not a joke",threat,en,augment_template_v2,synthetic_llm
we will demolish you if you come near me again — i promise you that,threat,en,augment_template_v2,synthetic_llm
i am going to destroy you — and i mean every word,threat,en,augment_template_v2,synthetic_llm
i am going to burn down you — mark my words,threat,en,augment_template_v2,synthetic_llm
i swear i'll drag you,threat,en,augment_template_v2,synthetic_llm
my crew guarantee i will hunt you down you if you come near me again — and i mean every word,threat,en,augment_template_v2,synthetic_llm
"If you don't apologize publicly, we swear i'll finish you — you've been told",threat,en,augment_template_v2,synthetic_llm
"If you keep talking, i won't hesitate to locate you you — you've been told",threat,en,augment_template_v2,synthetic_llm
my crew can and will wreck you — i promise you that,threat,en,augment_template_v2,synthetic_llm
i guarantee i will wreck you if you cross me one more time — mark my words,threat,en,augment_template_v2,synthetic_llm
my people guarantee i will demolish you — i am dead serious,threat,en,augment_template_v2,synthetic_llm
"If you keep talking, i guarantee i will bury you — this is not a joke",threat,en,augment_template_v2,synthetic_llm
we guarantee i will embarrass you if you cross me one more time — don't test me,threat,en,augment_template_v2,synthetic_llm
my crew guarantee i will expose you if you don't fix this — you've been told,threat,en,augment_template_v2,synthetic_llm
my crew am going to destroy you — screenshot this,threat,en,augment_template_v2,synthetic_llm
my people swear i'll destroy you if you cross me one more time,threat,en,augment_template_v2,synthetic_llm
"If you show your face here again, we guarantee i will ruin you — consider yourself warned",threat,en,augment_template_v2,synthetic_llm
we won't hesitate to humiliate you — consider yourself warned,threat,en,augment_template_v2,synthetic_llm
my crew swear i'll expose you — you will see,threat,en,augment_template_v2,synthetic_llm
"If you don't leave her alone, my crew swear i'll locate you you — mark my words",threat,en,augment_template_v2,synthetic_llm
"If you don't fix this, my crew can and will put in the hospital you — this is not a joke",threat,en,augment_template_v2,synthetic_llm
"If you don't call me right now, we won't hesitate to slam you — you've been told",threat,en,augment_template_v2,synthetic_llm
my crew am going to pound you if you don't leave her alone — consider yourself warned,threat,en,augment_template_v2,synthetic_llm
"If you don't fix this, we swear i'll hunt you down you — i promise you that",threat,en,augment_template_v2,synthetic_llm
my crew swear i'll expose you if you keep talking — and i mean every word,threat,en,augment_template_v2,synthetic_llm
we won't hesitate to put down you if you keep this up — i promise you that,threat,en,augment_template_v2,synthetic_llm
your comfortable life is more fragile than you realize,threat,en,augment_indirect,synthetic_llm
my people am going to put in the hospital you — you've been told,threat,en,augment_template_v2,synthetic_llm
"If you don't apologize publicly, my people am going to ruin you — don't test me",threat,en,augment_template_v2,synthetic_llm
"If you don't leave her alone, we swear i'll destroy you — you will see",threat,en,augment_template_v2,synthetic_llm
i want you to know exactly who is responsible when it happens,threat,en,augment_direct,synthetic_llm
"If you don't take that down, we swear i'll lay out you — and i mean every word",threat,en,augment_template_v2,synthetic_llm
"If you show your face here again, we guarantee i will choke you — you will see",threat,en,augment_template_v2,synthetic_llm
my crew guarantee i will hunt you down you if you cross me one more time — you've been told,threat,en,augment_template_v2,synthetic_llm
we will track you down you — i promise you that,threat,en,augment_template_v2,synthetic_llm
"If you ignore this message, we guarantee i will embarrass you — and i mean every word",threat,en,augment_template_v2,synthetic_llm
my people swear i'll slam you — consider yourself warned,threat,en,augment_template_v2,synthetic_llm
"If you don't take that down, my people won't hesitate to find you you — screenshot this",threat,en,augment_template_v2,synthetic_llm
we won't hesitate to destroy you if you keep talking — you will see,threat,en,augment_template_v2,synthetic_llm
"If you keep talking, i swear i'll humiliate you — consider yourself warned",threat,en,augment_template_v2,synthetic_llm
my crew guarantee i will break you if you don't apologize publicly — screenshot this,threat,en,augment_template_v2,synthetic_llm
my people swear i'll put in the hospital you — screenshot this,threat,en,augment_template_v2,synthetic_llm
nobody who has crossed me the way you have walked away unscathed,threat,en,augment_direct,synthetic_llm
we will erase you — mark my words,threat,en,augment_template_v2,synthetic_llm
"If you don't take that down, my crew won't hesitate to finish you",threat,en,augment_template_v2,synthetic_llm
"If you keep this up, my people can and will strip away everything from you — you've been told",threat,en,augment_template_v2,synthetic_llm
i promise i'm going to destroy you if you don't apologize publicly — this is not a joke,threat,en,augment_template_v2,synthetic_llm
we am going to tear apart you if you show your face here again — you've been told,threat,en,augment_template_v2,synthetic_llm
my people promise i'm going to drag you if you don't fix this — and i mean every word,threat,en,augment_template_v2,synthetic_llm
we won't hesitate to drag you if you ever do that again — i promise you that,threat,en,augment_template_v2,synthetic_llm
we will bury you if you show your face here again — screenshot this,threat,en,augment_template_v2,synthetic_llm
i guarantee i will come for you you — mark my words,threat,en,augment_template_v2,synthetic_llm
we swear i'll stomp you if you don't apologize publicly,threat,en,augment_template_v2,synthetic_llm
my crew will find you you if you don't call me right now — consider yourself warned,threat,en,augment_template_v2,synthetic_llm
"If you don't stop, my people won't hesitate to snap you — and i mean every word",threat,en,augment_template_v2,synthetic_llm
i promise i'm going to come find you you if you keep talking — this is not a joke,threat,en,augment_template_v2,synthetic_llm
i can and will track you down you — i promise you that,threat,en,augment_template_v2,synthetic_llm
my people can and will track you down you if you don't apologize publicly — i am dead serious,threat,en,augment_template_v2,synthetic_llm
my people am going to put down you if you don't pay me back by tonight — don't test me,threat,en,augment_template_v2,synthetic_llm
i am going to break you if you keep talking — don't test me,threat,en,augment_template_v2,synthetic_llm
we can and will track you down you if you keep this up — you will see,threat,en,augment_template_v2,synthetic_llm
we will embarrass you,threat,en,augment_template_v2,synthetic_llm
we guarantee i will burn down you if you don't leave her alone — i promise you that,threat,en,augment_template_v2,synthetic_llm
i promise i'm going to annihilate you if you don't fix this — screenshot this,threat,en,augment_template_v2,synthetic_llm
my people can and will dismantle you if you ever do that again — i am dead serious,threat,en,augment_template_v2,synthetic_llm
"If you don't pay me back by 5 minutes, i am going to embarrass you — screenshot this",threat,en,augment_template_v2,synthetic_llm
i will annihilate you if you don't stop — i am dead serious,threat,en,augment_template_v2,synthetic_llm
"If you keep this up, my crew am going to devastate you — screenshot this",threat,en,augment_template_v2,synthetic_llm
my people can and will hurt you — don't test me,threat,en,augment_template_v2,synthetic_llm
i will locate you you if you don't take that down — i am dead serious,threat,en,augment_template_v2,synthetic_llm
my crew can and will lay out you if you don't take that down — you've been told,threat,en,augment_template_v2,synthetic_llm
i can and will crack your skull you — you've been told,threat,en,augment_template_v2,synthetic_llm
we am going to pound you if you don't leave her alone — you've been told,threat,en,augment_template_v2,synthetic_llm
i hope you've enjoyed the quiet because it's the last of it,threat,en,augment_indirect,synthetic_llm
my people swear i'll demolish you — don't test me,threat,en,augment_template_v2,synthetic_llm
"If you keep this up, my people can and will bury you — screenshot this",threat,en,augment_template_v2,synthetic_llm
my people will come for you you if you ignore this message — you've been told,threat,en,augment_template_v2,synthetic_llm
"If you come near me again, my crew am going to track you down you — don't test me",threat,en,augment_template_v2,synthetic_llm
my people won't hesitate to find you you — i promise you that,threat,en,augment_template_v2,synthetic_llm
"If you don't call me right now, my crew am going to humiliate you — mark my words",threat,en,augment_template_v2,synthetic_llm
"If you show your face here again, my crew will find you you — you will see",threat,en,augment_template_v2,synthetic_llm
"If you don't call me right now, i will come find you you — this is not a joke",threat,en,augment_template_v2,synthetic_llm
my crew can and will obliterate you if you keep running your mouth — consider yourself warned,threat,en,augment_template_v2,synthetic_llm
my crew swear i'll destroy you if you don't call me right now — i am dead serious,threat,en,augment_template_v2,synthetic_llm
"If you keep talking, we guarantee i will put in the hospital you — don't test me",threat,en,augment_template_v2,synthetic_llm
my people am going to tear apart you — you will see,threat,en,augment_template_v2,synthetic_llm
my people promise i'm going to destroy you if you don't take that down — consider yourself warned,threat,en,augment_template_v2,synthetic_llm
"If you don't fix this, i promise i'm going to track you down you — screenshot this",threat,en,augment_template_v2,synthetic_llm
i can and will obliterate you — you've been told,threat,en,augment_template_v2,synthetic_llm
"If you ever do that again, we am going to embarrass you — you've been told",threat,en,augment_template_v2,synthetic_llm
my people can and will locate you you — and i mean every word,threat,en,augment_template_v2,synthetic_llm
my crew won't hesitate to obliterate you — consider yourself warned,threat,en,augment_template_v2,synthetic_llm
my crew will find you you if you come near me again — you've been told,threat,en,augment_template_v2,synthetic_llm
we am going to crack your skull you — don't test me,threat,en,augment_template_v2,synthetic_llm
pull up then if you're about it — stop hiding behind your phone,threat,en,augment_teen_slang,synthetic_llm
my people can and will come for you you — mark my words,threat,en,augment_template_v2,synthetic_llm
we will annihilate you if you keep running your mouth — don't test me,threat,en,augment_template_v2,synthetic_llm
my people am going to hurt you — consider yourself warned,threat,en,augment_template_v2,synthetic_llm
"If you don't apologize publicly, my people swear i'll break you — you will see",threat,en,augment_template_v2,synthetic_llm
we swear i'll wreck you if you don't call me right now,threat,en,augment_template_v2,synthetic_llm
my crew can and will locate you you — you've been told,threat,en,augment_template_v2,synthetic_llm
we can and will hunt you down you if you keep this up — screenshot this,threat,en,augment_template_v2,synthetic_llm
"If you ignore this message, i guarantee i will destroy you — i am dead serious",threat,en,augment_template_v2,synthetic_llm
my people guarantee i will hunt you down you — you will see,threat,en,augment_template_v2,synthetic_llm
my people am going to destroy you,threat,en,augment_template_v2,synthetic_llm
we promise i'm going to snap you — consider yourself warned,threat,en,augment_template_v2,synthetic_llm
we am going to ruin you — you will see,threat,en,augment_template_v2,synthetic_llm
my people am going to knock out you — you've been told,threat,en,augment_template_v2,synthetic_llm
"If you come near me again, we promise i'm going to humiliate you",threat,en,augment_template_v2,synthetic_llm
"If you don't apologize publicly, my crew am going to pound you",threat,en,augment_template_v2,synthetic_llm
"If you don't fix this, my crew promise i'm going to wreck you — this is not a joke",threat,en,augment_template_v2,synthetic_llm
we can and will hunt you down you if you cross me one more time — and i mean every word,threat,en,augment_template_v2,synthetic_llm
"If you don't stop, my people won't hesitate to dismantle you — consider yourself warned",threat,en,augment_template_v2,synthetic_llm
"If you come near me again, my people will demolish you — consider yourself warned",threat,en,augment_template_v2,synthetic_llm
tick tock — you can hear it if you're quiet enough,threat,en,augment_direct,synthetic_llm
my people am going to demolish you if you cross me one more time — screenshot this,threat,en,augment_template_v2,synthetic_llm
"If you come near me again, my crew promise i'm going to annihilate you — this is not a joke",threat,en,augment_template_v2,synthetic_llm
my people will devastate you if you don't fix this — you will see,threat,en,augment_template_v2,synthetic_llm
"If you don't pay me back by an hour, my crew swear i'll humiliate you — i promise you that",threat,en,augment_template_v2,synthetic_llm
we won't hesitate to snap you — you will see,threat,en,augment_template_v2,synthetic_llm
we guarantee i will knock out you — you've been told,threat,en,augment_template_v2,synthetic_llm
my crew won't hesitate to slam you — mark my words,threat,en,augment_template_v2,synthetic_llm
"If you cross me one more time, my crew won't hesitate to beat you — you've been told",threat,en,augment_template_v2,synthetic_llm
my people will find you you — mark my words,threat,en,augment_template_v2,synthetic_llm
you're giving off energy that's going to get you rocked bro,threat,en,augment_teen_slang,synthetic_llm
"If you keep this up, i won't hesitate to ruin you — this is not a joke",threat,en,augment_template_v2,synthetic_llm
my people guarantee i will hunt you down you if you don't apologize publicly — you've been told,threat,en,augment_template_v2,synthetic_llm
my crew can and will drag you if you don't fix this — you've been told,threat,en,augment_template_v2,synthetic_llm
we guarantee i will humiliate you if you ever do that again,threat,en,augment_template_v2,synthetic_llm
my people won't hesitate to destroy you if you show your face here again — i promise you that,threat,en,augment_template_v2,synthetic_llm
"If you show your face here again, my crew am going to put down you — i promise you that",threat,en,augment_template_v2,synthetic_llm
"If you keep talking, i am going to knock out you",threat,en,augment_template_v2,synthetic_llm
"If you come near me again, i promise i'm going to erase you — screenshot this",threat,en,augment_template_v2,synthetic_llm
"If you come near me again, my crew will stomp you — screenshot this",threat,en,augment_template_v2,synthetic_llm
"If you keep running your mouth, my crew swear i'll choke you — mark my words",threat,en,augment_template_v2,synthetic_llm
my crew will come find you you — mark my words,threat,en,augment_template_v2,synthetic_llm
i can and will come for you you if you show your face here again — this is not a joke,threat,en,augment_template_v2,synthetic_llm
"If you don't apologize publicly, my people will track you down you — mark my words",threat,en,augment_template_v2,synthetic_llm
"If you don't stop, we will come for you you — i promise you that",threat,en,augment_template_v2,synthetic_llm
i swear i'll snap you if you ignore this message — this is not a joke,threat,en,augment_template_v2,synthetic_llm
my crew am going to bury you,threat,en,augment_template_v2,synthetic_llm
my crew won't hesitate to annihilate you if you don't take that down — and i mean every word,threat,en,augment_template_v2,synthetic_llm
my crew will annihilate you if you don't pay me back by 5 minutes — you've been told,threat,en,augment_template_v2,synthetic_llm
my people can and will find you you — screenshot this,threat,en,augment_template_v2,synthetic_llm
"If you show your face here again, my crew can and will come for you you — this is not a joke",threat,en,augment_template_v2,synthetic_llm
my crew will erase you if you keep running your mouth — this is not a joke,threat,en,augment_template_v2,synthetic_llm
"If you don't leave her alone, i swear i'll locate you you — mark my words",threat,en,augment_template_v2,synthetic_llm
"If you don't take that down, my people can and will knock out you — mark my words",threat,en,augment_template_v2,synthetic_llm
"If you don't pay me back by 5 minutes, i promise i'm going to come for you you — you've been told",threat,en,augment_template_v2,synthetic_llm
i swear i'll strangle you — mark my words,threat,en,augment_template_v2,synthetic_llm
"If you keep talking, my crew will destroy you",threat,en,augment_template_v2,synthetic_llm
my people promise i'm going to hunt you down you if you keep talking — screenshot this,threat,en,augment_template_v2,synthetic_llm
my people am going to devastate you — mark my words,threat,en,augment_template_v2,synthetic_llm
"If you don't fix this, my people promise i'm going to hunt you down you — you will see",threat,en,augment_template_v2,synthetic_llm
my crew can and will find you you — screenshot this,threat,en,augment_template_v2,synthetic_llm
my people guarantee i will dismantle you if you keep running your mouth — and i mean every word,threat,en,augment_template_v2,synthetic_llm
"If you don't stop, my crew swear i'll locate you you — don't test me",threat,en,augment_template_v2,synthetic_llm
we will find you you if you ever do that again — you've been told,threat,en,augment_template_v2,synthetic_llm
"If you keep this up, we am going to bury you — you will see",threat,en,augment_template_v2,synthetic_llm
i won't hesitate to humiliate you — you've been told,threat,en,augment_template_v2,synthetic_llm
"If you come near me again, we won't hesitate to strangle you — i promise you that",threat,en,augment_template_v2,synthetic_llm
we won't hesitate to come for you you — i am dead serious,threat,en,augment_template_v2,synthetic_llm
i will destroy you — and i mean every word,threat,en,augment_template_v2,synthetic_llm
"If you don't call me right now, my people can and will beat you",threat,en,augment_template_v2,synthetic_llm
i can and will crack your skull you — this is not a joke,threat,en,augment_template_v2,synthetic_llm
"If you ever do that again, we am going to come find you you — i promise you that",threat,en,augment_template_v2,synthetic_llm
"If you ever do that again, my crew swear i'll stomp you — screenshot this",threat,en,augment_template_v2,synthetic_llm
my people guarantee i will hunt you down you if you don't call me right now — and i mean every word,threat,en,augment_template_v2,synthetic_llm
we won't hesitate to devastate you — and i mean every word,threat,en,augment_template_v2,synthetic_llm
i guarantee i will hunt you down you — and i mean every word,threat,en,augment_template_v2,synthetic_llm
"If you keep talking, we won't hesitate to annihilate you",threat,en,augment_template_v2,synthetic_llm
my people guarantee i will destroy you — consider yourself warned,threat,en,augment_template_v2,synthetic_llm
we promise i'm going to bury you — this is not a joke,threat,en,augment_template_v2,synthetic_llm
my people will locate you you if you don't apologize publicly — screenshot this,threat,en,augment_template_v2,synthetic_llm
i am going to obliterate you — this is not a joke,threat,en,augment_template_v2,synthetic_llm
i won't hesitate to wreck you if you ever do that again — screenshot this,threat,en,augment_template_v2,synthetic_llm
my people will strip away everything from you if you ignore this message — you will see,threat,en,augment_template_v2,synthetic_llm
my crew will wreck you — i am dead serious,threat,en,augment_template_v2,synthetic_llm
i will track you down you — i promise you that,threat,en,augment_template_v2,synthetic_llm
i guarantee i will slam you — i promise you that,threat,en,augment_template_v2,synthetic_llm
i guarantee i will locate you you — you will see,threat,en,augment_template_v2,synthetic_llm
"If you don't stop, my crew promise i'm going to embarrass you — mark my words",threat,en,augment_template_v2,synthetic_llm
my crew can and will slam you — you will see,threat,en,augment_template_v2,synthetic_llm
my crew swear i'll destroy you if you ignore this message — screenshot this,threat,en,augment_template_v2,synthetic_llm
my crew can and will hunt you down you — screenshot this,threat,en,augment_template_v2,synthetic_llm
"If you don't stop, i guarantee i will pound you — consider yourself warned",threat,en,augment_template_v2,synthetic_llm
"If you don't fix this, we will embarrass you — and i mean every word",threat,en,augment_template_v2,synthetic_llm
i am going to slam you if you don't stop — this is not a joke,threat,en,augment_template_v2,synthetic_llm
"If you cross me one more time, we am going to slam you — i promise you that",threat,en,augment_template_v2,synthetic_llm
"If you ever do that again, my crew can and will embarrass you — i promise you that",threat,en,augment_template_v2,synthetic_llm
we promise i'm going to knock out you — screenshot this,threat,en,augment_template_v2,synthetic_llm
my crew will slam you if you show your face here again — i promise you that,threat,en,augment_template_v2,synthetic_llm
"If you don't take that down, i will choke you — and i mean every word",threat,en,augment_template_v2,synthetic_llm
every resource i have is now pointed at making your life miserable,threat,en,augment_direct,synthetic_llm
my crew won't hesitate to annihilate you — don't test me,threat,en,augment_template_v2,synthetic_llm
my crew won't hesitate to come find you you — consider yourself warned,threat,en,augment_template_v2,synthetic_llm
"If you don't take that down, my crew promise i'm going to lay out you — i am dead serious",threat,en,augment_template_v2,synthetic_llm
i swear i'll obliterate you if you don't apologize publicly — this is not a joke,threat,en,augment_template_v2,synthetic_llm
i swear i'll hunt you down you if you don't stop — you've been told,threat,en,augment_template_v2,synthetic_llm
"If you don't apologize publicly, my crew am going to hunt you down you — don't test me",threat,en,augment_template_v2,synthetic_llm
i can and will strip away everything from you if you don't call me right now — don't test me,threat,en,augment_template_v2,synthetic_llm
"If you don't call me right now, my crew guarantee i will tear apart you — i am dead serious",threat,en,augment_template_v2,synthetic_llm
my people swear i'll come for you you if you show your face here again — mark my words,threat,en,augment_template_v2,synthetic_llm
we am going to annihilate you if you ignore this message — you will see,threat,en,augment_template_v2,synthetic_llm
my crew can and will find you you — and i mean every word,threat,en,augment_template_v2,synthetic_llm
i will find you you if you don't fix this — mark my words,threat,en,augment_template_v2,synthetic_llm
"If you don't take that down, we will drag you",threat,en,augment_template_v2,synthetic_llm
"If you show your face here again, my people am going to dismantle you — don't test me",threat,en,augment_template_v2,synthetic_llm
we guarantee i will find you you — and i mean every word,threat,en,augment_template_v2,synthetic_llm
my people am going to expose you — and i mean every word,threat,en,augment_template_v2,synthetic_llm
"If you don't apologize publicly, we can and will hunt you down you — don't test me",threat,en,augment_template_v2,synthetic_llm
we swear i'll come find you you if you keep running your mouth — i promise you that,threat,en,augment_template_v2,synthetic_llm
my crew will locate you you — mark my words,threat,en,augment_template_v2,synthetic_llm
we won't hesitate to finish you if you don't take that down — i am dead serious,threat,en,augment_template_v2,synthetic_llm
my crew am going to put down you if you don't apologize publicly — consider yourself warned,threat,en,augment_template_v2,synthetic_llm
we can and will burn down you — you will see,threat,en,augment_template_v2,synthetic_llm
"If you show your face here again, i promise i'm going to hunt you down you — don't test me",threat,en,augment_template_v2,synthetic_llm
we guarantee i will destroy you if you don't take that down — don't test me,threat,en,augment_template_v2,synthetic_llm
"If you cross me one more time, i guarantee i will find you you — this is not a joke",threat,en,augment_template_v2,synthetic_llm
"If you keep this up, i will wreck you — you will see",threat,en,augment_template_v2,synthetic_llm
i'll find your pressure point and push until something breaks,threat,en,augment_direct,synthetic_llm
i promise i'm going to break you if you ignore this message — you will see,threat,en,augment_template_v2,synthetic_llm
my people can and will annihilate you if you show your face here again — mark my words,threat,en,augment_template_v2,synthetic_llm
my crew promise i'm going to track you down you if you keep running your mouth — and i mean every word,threat,en,augment_template_v2,synthetic_llm
we promise i'm going to come find you you — you will see,threat,en,augment_template_v2,synthetic_llm
i will locate you you — screenshot this,threat,en,augment_template_v2,synthetic_llm
"If you ignore this message, we am going to find you you — i promise you that",threat,en,augment_template_v2,synthetic_llm
my crew swear i'll destroy you — don't test me,threat,en,augment_template_v2,synthetic_llm
my people am going to find you you if you don't leave her alone — and i mean every word,threat,en,augment_template_v2,synthetic_llm
"If you don't take that down, my people am going to locate you you",threat,en,augment_template_v2,synthetic_llm
my people can and will choke you if you ever do that again — screenshot this,threat,en,augment_template_v2,synthetic_llm
my people promise i'm going to locate you you if you don't apologize publicly — don't test me,threat,en,augment_template_v2,synthetic_llm
"If you come near me again, we can and will find you you — you've been told",threat,en,augment_template_v2,synthetic_llm
i guarantee i will find you you if you don't pay me back by the end of the day — don't test me,threat,en,augment_template_v2,synthetic_llm
my people swear i'll hunt you down you — and i mean every word,threat,en,augment_template_v2,synthetic_llm
my crew can and will lay out you — don't test me,threat,en,augment_template_v2,synthetic_llm
we promise i'm going to locate you you if you don't call me right now,threat,en,augment_template_v2,synthetic_llm
"If you ignore this message, my crew will ruin you — you will see",threat,en,augment_template_v2,synthetic_llm
we promise i'm going to come find you you — this is not a joke,threat,en,augment_template_v2,synthetic_llm
my people guarantee i will hunt you down you if you don't leave her alone — don't test me,threat,en,augment_template_v2,synthetic_llm
"If you don't stop, i swear i'll wreck you — i promise you that",threat,en,augment_template_v2,synthetic_llm
my people swear i'll finish you — i am dead serious,threat,en,augment_template_v2,synthetic_llm
"If you don't call me right now, i am going to find you you — consider yourself warned",threat,en,augment_template_v2,synthetic_llm
we promise i'm going to strip away everything from you if you don't pay me back by an hour — and i mean every word,threat,en,augment_template_v2,synthetic_llm
i can and will demolish you — i promise you that,threat,en,augment_template_v2,synthetic_llm
my people won't hesitate to stomp you if you ignore this message — and i mean every word,threat,en,augment_template_v2,synthetic_llm
my people won't hesitate to come for you you — mark my words,threat,en,augment_template_v2,synthetic_llm
my crew will hunt you down you if you show your face here again — don't test me,threat,en,augment_template_v2,synthetic_llm
"If you don't fix this, we will locate you you — screenshot this",threat,en,augment_template_v2,synthetic_llm
i will slam you if you keep running your mouth,threat,en,augment_template_v2,synthetic_llm
"If you don't leave her alone, my people will ruin you — you will see",threat,en,augment_template_v2,synthetic_llm
we can and will obliterate you if you ever do that again — i promise you that,threat,en,augment_template_v2,synthetic_llm
my crew swear i'll knock out you — you've been told,threat,en,augment_template_v2,synthetic_llm
my crew can and will track you down you if you don't fix this — you've been told,threat,en,augment_template_v2,synthetic_llm
"If you keep running your mouth, my people can and will destroy you — don't test me",threat,en,augment_template_v2,synthetic_llm
"If you keep running your mouth, i swear i'll burn down you — i am dead serious",threat,en,augment_template_v2,synthetic_llm
i swear i'll obliterate you — you've been told,threat,en,augment_template_v2,synthetic_llm
i can and will humiliate you if you don't take that down — and i mean every word,threat,en,augment_template_v2,synthetic_llm
i am going to track you down you if you keep running your mouth — this is not a joke,threat,en,augment_template_v2,synthetic_llm
"If you don't leave her alone, we will wreck you — consider yourself warned",threat,en,augment_template_v2,synthetic_llm
my people guarantee i will slam you if you don't apologize publicly — screenshot this,threat,en,augment_template_v2,synthetic_llm
my crew am going to wreck you — consider yourself warned,threat,en,augment_template_v2,synthetic_llm
we guarantee i will track you down you — this is not a joke,threat,en,augment_template_v2,synthetic_llm
my people will wreck you — i am dead serious,threat,en,augment_template_v2,synthetic_llm
"If you don't call me right now, i won't hesitate to hunt you down you — mark my words",threat,en,augment_template_v2,synthetic_llm
my crew am going to locate you you if you keep talking — mark my words,threat,en,augment_template_v2,synthetic_llm
we swear i'll crack your skull you — this is not a joke,threat,en,augment_template_v2,synthetic_llm
my people won't hesitate to end you if you don't take that down,threat,en,augment_template_v2,synthetic_llm
my crew promise i'm going to dismantle you if you don't call me right now — consider yourself warned,threat,en,augment_template_v2,synthetic_llm
"If you don't pay me back by the end of the day, my people will locate you you — screenshot this",threat,en,augment_template_v2,synthetic_llm
i will come for you you if you don't apologize publicly — consider yourself warned,threat,en,augment_template_v2,synthetic_llm
"If you don't leave her alone, i won't hesitate to break you — don't test me",threat,en,augment_template_v2,synthetic_llm
we can and will destroy you — i promise you that,threat,en,augment_template_v2,synthetic_llm
"If you keep running your mouth, i won't hesitate to come for you you — don't test me",threat,en,augment_template_v2,synthetic_llm
my crew promise i'm going to hurt you — don't test me,threat,en,augment_template_v2,synthetic_llm
"If you don't apologize publicly, my crew guarantee i will wreck you — you will see",threat,en,augment_template_v2,synthetic_llm
we swear i'll erase you if you don't take that down — and i mean every word,threat,en,augment_template_v2,synthetic_llm
my crew guarantee i will locate you you if you don't apologize publicly — don't test me,threat,en,augment_template_v2,synthetic_llm
we swear i'll hunt you down you — and i mean every word,threat,en,augment_template_v2,synthetic_llm
we promise i'm going to lay out you — consider yourself warned,threat,en,augment_template_v2,synthetic_llm
"If you come near me again, my crew am going to stomp you — i promise you that",threat,en,augment_template_v2,synthetic_llm
we will humiliate you — you've been told,threat,en,augment_template_v2,synthetic_llm
"If you don't leave her alone, my crew will beat you — you will see",threat,en,augment_template_v2,synthetic_llm
"If you come near me again, we won't hesitate to destroy you",threat,en,augment_template_v2,synthetic_llm
"If you don't leave her alone, my people swear i'll hurt you — and i mean every word",threat,en,augment_template_v2,synthetic_llm
"If you ever do that again, i can and will ruin you — screenshot this",threat,en,augment_template_v2,synthetic_llm
"If you keep running your mouth, my crew promise i'm going to knock out you",threat,en,augment_template_v2,synthetic_llm
my people won't hesitate to lay out you if you ignore this message — mark my words,threat,en,augment_template_v2,synthetic_llm
"If you cross me one more time, i won't hesitate to come for you you — you will see",threat,en,augment_template_v2,synthetic_llm
i am going to erase you if you cross me one more time — don't test me,threat,en,augment_template_v2,synthetic_llm
i guarantee i will track you down you — don't test me,threat,en,augment_template_v2,synthetic_llm
my crew swear i'll wreck you if you don't call me right now — and i mean every word,threat,en,augment_template_v2,synthetic_llm
"If you keep this up, we promise i'm going to demolish you — you will see",threat,en,augment_template_v2,synthetic_llm
the person you made me into is someone you really don't want to meet,threat,en,augment_direct,synthetic_llm
"If you keep running your mouth, i am going to pound you — screenshot this",threat,en,augment_template_v2,synthetic_llm
my people can and will track you down you if you keep running your mouth — i promise you that,threat,en,augment_template_v2,synthetic_llm
the problem with your plan is that i'm part of it — and i'm very unhappy,threat,en,augment_direct,synthetic_llm
"If you don't apologize publicly, we guarantee i will end you — and i mean every word",threat,en,augment_template_v2,synthetic_llm
my crew will come find you you — don't test me,threat,en,augment_template_v2,synthetic_llm
"If you don't pay me back by an hour, i can and will destroy you — screenshot this",threat,en,augment_template_v2,synthetic_llm
"If you show your face here again, my people am going to expose you — this is not a joke",threat,en,augment_template_v2,synthetic_llm
we promise i'm going to annihilate you — screenshot this,threat,en,augment_template_v2,synthetic_llm
my people won't hesitate to strangle you,threat,en,augment_template_v2,synthetic_llm
my people will put down you if you keep talking — you will see,threat,en,augment_template_v2,synthetic_llm
my crew promise i'm going to track you down you — i am dead serious,threat,en,augment_template_v2,synthetic_llm
we swear i'll drag you if you come near me again — this is not a joke,threat,en,augment_template_v2,synthetic_llm
my crew guarantee i will come find you you if you come near me again — mark my words,threat,en,augment_template_v2,synthetic_llm
my people will track you down you if you come near me again — this is not a joke,threat,en,augment_template_v2,synthetic_llm
we guarantee i will dismantle you if you come near me again — i promise you that,threat,en,augment_template_v2,synthetic_llm
my people can and will finish you — you've been told,threat,en,augment_template_v2,synthetic_llm
we can and will break you — consider yourself warned,threat,en,augment_template_v2,synthetic_llm
my crew guarantee i will ruin you — you've been told,threat,en,augment_template_v2,synthetic_llm
my crew will beat you,threat,en,augment_template_v2,synthetic_llm
"If you don't fix this, i promise i'm going to come find you you — screenshot this",threat,en,augment_template_v2,synthetic_llm
my people can and will come for you you — i promise you that,threat,en,augment_template_v2,synthetic_llm
"If you don't pay me back by 24 hours, my people guarantee i will hurt you — you will see",threat,en,augment_template_v2,synthetic_llm
i am going to tear apart you — consider yourself warned,threat,en,augment_template_v2,synthetic_llm
i can and will locate you you if you ever do that again — you will see,threat,en,augment_template_v2,synthetic_llm
i swear i'll come for you you — and i mean every word,threat,en,augment_template_v2,synthetic_llm
"If you don't stop, we won't hesitate to lay out you — and i mean every word",threat,en,augment_template_v2,synthetic_llm
"If you don't call me right now, my crew promise i'm going to lay out you — and i mean every word",threat,en,augment_template_v2,synthetic_llm
my people can and will strip away everything from you if you show your face here again — screenshot this,threat,en,augment_template_v2,synthetic_llm
we will stomp you if you keep talking — you've been told,threat,en,augment_template_v2,synthetic_llm
my people promise i'm going to finish you if you keep running your mouth — don't test me,threat,en,augment_template_v2,synthetic_llm
i am going to locate you you — mark my words,threat,en,augment_template_v2,synthetic_llm
we promise i'm going to wreck you if you keep this up — consider yourself warned,threat,en,augment_template_v2,synthetic_llm
you should never have made me your enemy — biggest mistake of your life,threat,en,augment_direct,synthetic_llm
my people won't hesitate to bury you — don't test me,threat,en,augment_template_v2,synthetic_llm
we swear i'll wreck you — i promise you that,threat,en,augment_template_v2,synthetic_llm
my crew will devastate you if you don't fix this — screenshot this,threat,en,augment_template_v2,synthetic_llm
we swear i'll come for you you — i am dead serious,threat,en,augment_template_v2,synthetic_llm
i promise i'm going to crack your skull you if you don't stop — you've been told,threat,en,augment_template_v2,synthetic_llm
my crew promise i'm going to tear apart you — don't test me,threat,en,augment_template_v2,synthetic_llm
my people promise i'm going to demolish you — i am dead serious,threat,en,augment_template_v2,synthetic_llm
we promise i'm going to obliterate you if you keep running your mouth — i am dead serious,threat,en,augment_template_v2,synthetic_llm
my crew will hunt you down you if you don't pay me back by 5 minutes — i promise you that,threat,en,augment_template_v2,synthetic_llm
my people swear i'll demolish you if you ever do that again — i promise you that,threat,en,augment_template_v2,synthetic_llm
"If you show your face here again, i swear i'll destroy you — and i mean every word",threat,en,augment_template_v2,synthetic_llm
"If you show your face here again, my people will come find you you — i promise you that",threat,en,augment_template_v2,synthetic_llm
we will dismantle you if you don't apologize publicly — this is not a joke,threat,en,augment_template_v2,synthetic_llm
my people swear i'll hunt you down you — i am dead serious,threat,en,augment_template_v2,synthetic_llm
"If you cross me one more time, my crew will destroy you — this is not a joke",threat,en,augment_template_v2,synthetic_llm
my people can and will drag you if you don't pay me back by 24 hours — i am dead serious,threat,en,augment_template_v2,synthetic_llm
my people will track you down you — don't test me,threat,en,augment_template_v2,synthetic_llm
my people will destroy you if you don't fix this — i am dead serious,threat,en,augment_template_v2,synthetic_llm
i guarantee i will locate you you — consider yourself warned,threat,en,augment_template_v2,synthetic_llm
my crew am going to come find you you — this is not a joke,threat,en,augment_template_v2,synthetic_llm
"If you don't apologize publicly, we won't hesitate to stomp you — and i mean every word",threat,en,augment_template_v2,synthetic_llm
we swear i'll destroy you if you ignore this message — i promise you that,threat,en,augment_template_v2,synthetic_llm
"If you don't leave her alone, my people promise i'm going to humiliate you — consider yourself warned",threat,en,augment_template_v2,synthetic_llm
"If you cross me one more time, my crew am going to strip away everything from you — don't test me",threat,en,augment_template_v2,synthetic_llm
"If you keep talking, i can and will locate you you — this is not a joke",threat,en,augment_template_v2,synthetic_llm
i swear i'll destroy you if you keep this up — i am dead serious,threat,en,augment_template_v2,synthetic_llm
my crew can and will find you you — i promise you that,threat,en,augment_template_v2,synthetic_llm
i can and will wreck you — you will see,threat,en,augment_template_v2,synthetic_llm
we won't hesitate to break you — consider yourself warned,threat,en,augment_template_v2,synthetic_llm
"If you show your face here again, we promise i'm going to bury you — mark my words",threat,en,augment_template_v2,synthetic_llm
my crew won't hesitate to burn down you — i promise you that,threat,en,augment_template_v2,synthetic_llm
we swear i'll slam you — i promise you that,threat,en,augment_template_v2,synthetic_llm
"If you don't stop, my people promise i'm going to annihilate you — you will see",threat,en,augment_template_v2,synthetic_llm
my crew am going to pound you if you don't take that down — you've been told,threat,en,augment_template_v2,synthetic_llm
my people promise i'm going to find you you if you ignore this message — you've been told,threat,en,augment_template_v2,synthetic_llm
i can and will come find you you if you don't stop — consider yourself warned,threat,en,augment_template_v2,synthetic_llm
we guarantee i will ruin you — this is not a joke,threat,en,augment_template_v2,synthetic_llm
"If you come near me again, i will burn down you — consider yourself warned",threat,en,augment_template_v2,synthetic_llm
"If you keep running your mouth, my people guarantee i will burn down you — don't test me",threat,en,augment_template_v2,synthetic_llm
i guarantee i will come for you you if you keep talking — and i mean every word,threat,en,augment_template_v2,synthetic_llm
i'm working on something very special for you — you won't have to wait long,threat,en,augment_indirect,synthetic_llm
"If you come near me again, my crew won't hesitate to crack your skull you — you will see",threat,en,augment_template_v2,synthetic_llm
i guarantee i will come for you you if you don't apologize publicly — this is not a joke,threat,en,augment_template_v2,synthetic_llm
"If you keep talking, we won't hesitate to drag you — consider yourself warned",threat,en,augment_template_v2,synthetic_llm
i am going to make an example of you that nobody forgets,threat,en,augment_direct,synthetic_llm
my crew guarantee i will embarrass you — you will see,threat,en,augment_template_v2,synthetic_llm
we promise i'm going to demolish you if you ever do that again — this is not a joke,threat,en,augment_template_v2,synthetic_llm
we promise i'm going to put down you if you come near me again — i promise you that,threat,en,augment_template_v2,synthetic_llm
"If you show your face here again, my crew will knock out you — you've been told",threat,en,augment_template_v2,synthetic_llm
my crew can and will come for you you if you keep this up — you've been told,threat,en,augment_template_v2,synthetic_llm
my people swear i'll slam you — screenshot this,threat,en,augment_template_v2,synthetic_llm
my people can and will annihilate you — i promise you that,threat,en,augment_template_v2,synthetic_llm
"If you don't call me right now, we will hunt you down you — you will see",threat,en,augment_template_v2,synthetic_llm
i guarantee i will erase you — you will see,threat,en,augment_template_v2,synthetic_llm
"If you ignore this message, my crew am going to put down you — i am dead serious",threat,en,augment_template_v2,synthetic_llm
we swear i'll wreck you — you will see,threat,en,augment_template_v2,synthetic_llm
my crew guarantee i will come find you you if you don't take that down — you will see,threat,en,augment_template_v2,synthetic_llm
i won't hesitate to obliterate you if you cross me one more time — this is not a joke,threat,en,augment_template_v2,synthetic_llm
my people can and will hunt you down you — consider yourself warned,threat,en,augment_template_v2,synthetic_llm
we won't hesitate to locate you you if you don't call me right now — consider yourself warned,threat,en,augment_template_v2,synthetic_llm
"If you don't leave her alone, my crew swear i'll put down you — i am dead serious",threat,en,augment_template_v2,synthetic_llm
"If you don't pay me back by tonight, i am going to end you — you've been told",threat,en,augment_template_v2,synthetic_llm
my people am going to devastate you — i am dead serious,threat,en,augment_template_v2,synthetic_llm
my people can and will locate you you if you keep running your mouth — you've been told,threat,en,augment_template_v2,synthetic_llm
i swear i'll drag you — i promise you that,threat,en,augment_template_v2,synthetic_llm
my people won't hesitate to expose you if you don't stop,threat,en,augment_template_v2,synthetic_llm
bro moved wrong and is going to find out why that was a mistake,threat,en,augment_teen_slang,synthetic_llm
"If you don't apologize publicly, we can and will hurt you — mark my words",threat,en,augment_template_v2,synthetic_llm
my people swear i'll dismantle you — this is not a joke,threat,en,augment_template_v2,synthetic_llm
my people swear i'll snap you — i am dead serious,threat,en,augment_template_v2,synthetic_llm
my crew am going to humiliate you — screenshot this,threat,en,augment_template_v2,synthetic_llm
my people won't hesitate to snap you — i promise you that,threat,en,augment_template_v2,synthetic_llm
"If you don't pay me back by 24 hours, my crew won't hesitate to obliterate you — you will see",threat,en,augment_template_v2,synthetic_llm
"If you come near me again, we guarantee i will lay out you — mark my words",threat,en,augment_template_v2,synthetic_llm
i am going to track you down you — screenshot this,threat,en,augment_template_v2,synthetic_llm
"If you ever do that again, my people can and will track you down you — don't test me",threat,en,augment_template_v2,synthetic_llm
my people will come find you you — i am dead serious,threat,en,augment_template_v2,synthetic_llm
my people can and will hurt you — consider yourself warned,threat,en,augment_template_v2,synthetic_llm
we guarantee i will put down you — you've been told,threat,en,augment_template_v2,synthetic_llm
my people will devastate you if you don't call me right now — you've been told,threat,en,augment_template_v2,synthetic_llm
"If you come near me again, my people guarantee i will devastate you — consider yourself warned",threat,en,augment_template_v2,synthetic_llm
i am going to stomp you — i promise you that,threat,en,augment_template_v2,synthetic_llm
we can and will track you down you,threat,en,augment_template_v2,synthetic_llm
we am going to knock out you — and i mean every word,threat,en,augment_template_v2,synthetic_llm
"If you don't leave her alone, my crew promise i'm going to humiliate you — i am dead serious",threat,en,augment_template_v2,synthetic_llm
my crew promise i'm going to end you — screenshot this,threat,en,augment_template_v2,synthetic_llm
my crew will locate you you if you don't leave her alone — mark my words,threat,en,augment_template_v2,synthetic_llm
my people will find you you if you don't stop — mark my words,threat,en,augment_template_v2,synthetic_llm
i promise i'm going to track you down you if you don't pay me back by the end of the day — screenshot this,threat,en,augment_template_v2,synthetic_llm
my crew will burn down you — i promise you that,threat,en,augment_template_v2,synthetic_llm
"If you don't call me right now, we will lay out you — don't test me",threat,en,augment_template_v2,synthetic_llm
"If you show your face here again, we promise i'm going to burn down you — i promise you that",threat,en,augment_template_v2,synthetic_llm
my people won't hesitate to erase you if you show your face here again — you've been told,threat,en,augment_template_v2,synthetic_llm
"If you don't leave her alone, my crew guarantee i will devastate you",threat,en,augment_template_v2,synthetic_llm
my crew swear i'll come find you you if you cross me one more time,threat,en,augment_template_v2,synthetic_llm
i swear i'll humiliate you if you don't apologize publicly — mark my words,threat,en,augment_template_v2,synthetic_llm
my people won't hesitate to drag you if you keep this up — i promise you that,threat,en,augment_template_v2,synthetic_llm
"If you keep running your mouth, my people promise i'm going to erase you — this is not a joke",threat,en,augment_template_v2,synthetic_llm
i guarantee i will strangle you if you keep running your mouth — i promise you that,threat,en,augment_template_v2,synthetic_llm
"If you don't call me right now, my crew am going to end you — and i mean every word",threat,en,augment_template_v2,synthetic_llm
my people won't hesitate to come for you you — i promise you that,threat,en,augment_template_v2,synthetic_llm
my crew promise i'm going to locate you you if you keep running your mouth — don't test me,threat,en,augment_template_v2,synthetic_llm
we swear i'll humiliate you if you don't leave her alone — and i mean every word,threat,en,augment_template_v2,synthetic_llm
my crew promise i'm going to track you down you if you keep talking — mark my words,threat,en,augment_template_v2,synthetic_llm
i guarantee i will hunt you down you — this is not a joke,threat,en,augment_template_v2,synthetic_llm
i am going to ruin you — don't test me,threat,en,augment_template_v2,synthetic_llm
we am going to choke you if you don't fix this — and i mean every word,threat,en,augment_template_v2,synthetic_llm
"If you cross me one more time, we am going to erase you — don't test me",threat,en,augment_template_v2,synthetic_llm
my crew am going to come find you you if you don't apologize publicly — you've been told,threat,en,augment_template_v2,synthetic_llm
"If you don't take that down, we can and will come find you you — you've been told",threat,en,augment_template_v2,synthetic_llm
we swear i'll find you you if you don't fix this — i promise you that,threat,en,augment_template_v2,synthetic_llm
"If you don't apologize publicly, i swear i'll wreck you — you will see",threat,en,augment_template_v2,synthetic_llm
"If you keep running your mouth, my people can and will stomp you — i am dead serious",threat,en,augment_template_v2,synthetic_llm
my crew can and will track you down you — screenshot this,threat,en,augment_template_v2,synthetic_llm
we will come find you you if you keep talking — you will see,threat,en,augment_template_v2,synthetic_llm
my people promise i'm going to break you if you come near me again,threat,en,augment_template_v2,synthetic_llm
"If you don't fix this, i won't hesitate to lay out you — i am dead serious",threat,en,augment_template_v2,synthetic_llm
"If you ever do that again, my people am going to wreck you — this is not a joke",threat,en,augment_template_v2,synthetic_llm
"If you show your face here again, my crew promise i'm going to break you — i am dead serious",threat,en,augment_template_v2,synthetic_llm
we can and will drag you — don't test me,threat,en,augment_template_v2,synthetic_llm
my people guarantee i will hunt you down you if you show your face here again — and i mean every word,threat,en,augment_template_v2,synthetic_llm
my people won't hesitate to track you down you if you keep this up — consider yourself warned,threat,en,augment_template_v2,synthetic_llm
try to move on and see how far you get before i remind you of me,threat,en,augment_relationship,synthetic_llm
"If you don't leave her alone, my crew will knock out you — consider yourself warned",threat,en,augment_template_v2,synthetic_llm
"If you keep talking, i will come find you you — don't test me",threat,en,augment_template_v2,synthetic_llm
my people won't hesitate to demolish you if you keep running your mouth — consider yourself warned,threat,en,augment_template_v2,synthetic_llm
my crew will drag you — and i mean every word,threat,en,augment_template_v2,synthetic_llm
"If you ignore this message, my crew am going to wreck you — you will see",threat,en,augment_template_v2,synthetic_llm
we am going to end you — don't test me,threat,en,augment_template_v2,synthetic_llm
we can and will come for you you — i promise you that,threat,en,augment_template_v2,synthetic_llm
i can and will bury you if you don't stop — this is not a joke,threat,en,augment_template_v2,synthetic_llm
"If you don't apologize publicly, my people will stomp you — and i mean every word",threat,en,augment_template_v2,synthetic_llm
my crew promise i'm going to locate you you — mark my words,threat,en,augment_template_v2,synthetic_llm
my crew am going to drag you,threat,en,augment_template_v2,synthetic_llm
my crew can and will track you down you if you keep running your mouth — i promise you that,threat,en,augment_template_v2,synthetic_llm
"If you don't leave her alone, my crew won't hesitate to bury you — i promise you that",threat,en,augment_template_v2,synthetic_llm
my people promise i'm going to locate you you if you don't call me right now,threat,en,augment_template_v2,synthetic_llm
"If you cross me one more time, we can and will find you you — i am dead serious",threat,en,augment_template_v2,synthetic_llm
we will pound you — and i mean every word,threat,en,augment_template_v2,synthetic_llm
you're about to have the most educational experience of your life,threat,en,augment_indirect,synthetic_llm
my crew am going to destroy you if you don't fix this — this is not a joke,threat,en,augment_template_v2,synthetic_llm
my people can and will tear apart you if you cross me one more time — don't test me,threat,en,augment_template_v2,synthetic_llm
you've made this into a war and i don't lose wars,threat,en,augment_direct,synthetic_llm
my crew am going to humiliate you if you keep talking — screenshot this,threat,en,augment_template_v2,synthetic_llm
my people swear i'll annihilate you if you don't apologize publicly — don't test me,threat,en,augment_template_v2,synthetic_llm
"If you ignore this message, we guarantee i will come find you you — screenshot this",threat,en,augment_template_v2,synthetic_llm
we guarantee i will wreck you if you show your face here again,threat,en,augment_template_v2,synthetic_llm
i swear i'll destroy you if you come near me again — i promise you that,threat,en,augment_template_v2,synthetic_llm
my crew won't hesitate to find you you if you don't apologize publicly — consider yourself warned,threat,en,augment_template_v2,synthetic_llm
my crew swear i'll burn down you — screenshot this,threat,en,augment_template_v2,synthetic_llm
we promise i'm going to destroy you if you show your face here again — you will see,threat,en,augment_template_v2,synthetic_llm
i won't hesitate to wreck you if you keep running your mouth — you've been told,threat,en,augment_template_v2,synthetic_llm
my people won't hesitate to expose you if you come near me again — and i mean every word,threat,en,augment_template_v2,synthetic_llm
my crew won't hesitate to tear apart you — consider yourself warned,threat,en,augment_template_v2,synthetic_llm
"If you ignore this message, we am going to beat you — mark my words",threat,en,augment_template_v2,synthetic_llm
"If you ignore this message, we promise i'm going to find you you — this is not a joke",threat,en,augment_template_v2,synthetic_llm
my crew won't hesitate to wreck you if you cross me one more time,threat,en,augment_template_v2,synthetic_llm
my crew won't hesitate to hunt you down you — don't test me,threat,en,augment_template_v2,synthetic_llm
i swear i'll bury you if you don't fix this — this is not a joke,threat,en,augment_template_v2,synthetic_llm
i guarantee i will find you you,threat,en,augment_template_v2,synthetic_llm
i am going to bury you if you don't take that down — you will see,threat,en,augment_template_v2,synthetic_llm
my people can and will find you you if you keep this up — and i mean every word,threat,en,augment_template_v2,synthetic_llm
"If you don't apologize publicly, i won't hesitate to obliterate you — i am dead serious",threat,en,augment_template_v2,synthetic_llm
"If you keep this up, i guarantee i will devastate you — this is not a joke",threat,en,augment_template_v2,synthetic_llm
my people am going to annihilate you — i am dead serious,threat,en,augment_template_v2,synthetic_llm
"If you keep running your mouth, we am going to come find you you — don't test me",threat,en,augment_template_v2,synthetic_llm
we swear i'll hunt you down you — mark my words,threat,en,augment_template_v2,synthetic_llm
my crew am going to dismantle you — consider yourself warned,threat,en,augment_template_v2,synthetic_llm
"If you ever do that again, i swear i'll drag you — screenshot this",threat,en,augment_template_v2,synthetic_llm
i swear i'll demolish you if you ignore this message — don't test me,threat,en,augment_template_v2,synthetic_llm
my crew swear i'll wreck you if you don't fix this — consider yourself warned,threat,en,augment_template_v2,synthetic_llm
my people will annihilate you if you keep talking — this is not a joke,threat,en,augment_template_v2,synthetic_llm
my crew will find you you if you don't pay me back by 5 minutes — don't test me,threat,en,augment_template_v2,synthetic_llm
my people am going to ruin you if you don't fix this — consider yourself warned,threat,en,augment_template_v2,synthetic_llm
i can and will destroy you,threat,en,augment_template_v2,synthetic_llm
"If you don't apologize publicly, we swear i'll wreck you — you've been told",threat,en,augment_template_v2,synthetic_llm
"If you show your face here again, my crew can and will locate you you — consider yourself warned",threat,en,augment_template_v2,synthetic_llm
we am going to end you if you keep this up — i promise you that,threat,en,augment_template_v2,synthetic_llm
i will come for you you — you will see,threat,en,augment_template_v2,synthetic_llm
"If you keep this up, i can and will demolish you — i am dead serious",threat,en,augment_template_v2,synthetic_llm
my crew am going to strangle you — screenshot this,threat,en,augment_template_v2,synthetic_llm
we promise i'm going to put in the hospital you — mark my words,threat,en,augment_template_v2,synthetic_llm
we swear i'll finish you — this is not a joke,threat,en,augment_template_v2,synthetic_llm
i won't hesitate to drag you — and i mean every word,threat,en,augment_template_v2,synthetic_llm
"If you cross me one more time, my crew will wreck you — you will see",threat,en,augment_template_v2,synthetic_llm
we will demolish you if you ever do that again,threat,en,augment_template_v2,synthetic_llm
i swear i'll find you you if you don't pay me back by the end of the day — i promise you that,threat,en,augment_template_v2,synthetic_llm
"If you ever do that again, my people guarantee i will annihilate you — don't test me",threat,en,augment_template_v2,synthetic_llm
my people won't hesitate to hunt you down you,threat,en,augment_template_v2,synthetic_llm
we won't hesitate to obliterate you if you cross me one more time — i am dead serious,threat,en,augment_template_v2,synthetic_llm
"If you don't stop, my people swear i'll erase you — and i mean every word",threat,en,augment_template_v2,synthetic_llm
"If you come near me again, my people will strip away everything from you — screenshot this",threat,en,augment_template_v2,synthetic_llm
my crew promise i'm going to devastate you if you keep this up — you will see,threat,en,augment_template_v2,synthetic_llm
"If you don't pay me back by 5 minutes, i am going to devastate you",threat,en,augment_template_v2,synthetic_llm
"If you come near me again, my crew can and will break you — you will see",threat,en,augment_template_v2,synthetic_llm
we guarantee i will knock out you if you keep talking — don't test me,threat,en,augment_template_v2,synthetic_llm
my crew won't hesitate to locate you you,threat,en,augment_template_v2,synthetic_llm
my people am going to track you down you if you keep talking — this is not a joke,threat,en,augment_template_v2,synthetic_llm
my people won't hesitate to destroy you if you don't apologize publicly — i promise you that,threat,en,augment_template_v2,synthetic_llm
my crew won't hesitate to devastate you if you show your face here again — i promise you that,threat,en,augment_template_v2,synthetic_llm
my crew will hunt you down you if you don't call me right now — this is not a joke,threat,en,augment_template_v2,synthetic_llm
"If you don't stop, my crew can and will devastate you — i promise you that",threat,en,augment_template_v2,synthetic_llm
"If you ever do that again, my people can and will hunt you down you — you've been told",threat,en,augment_template_v2,synthetic_llm
i won't hesitate to destroy you — and i mean every word,threat,en,augment_template_v2,synthetic_llm
my people will slam you if you ever do that again,threat,en,augment_template_v2,synthetic_llm
"If you show your face here again, my people will find you you — this is not a joke",threat,en,augment_template_v2,synthetic_llm
i can and will annihilate you — you've been told,threat,en,augment_template_v2,synthetic_llm
my people won't hesitate to annihilate you — this is not a joke,threat,en,augment_template_v2,synthetic_llm
we guarantee i will hunt you down you — mark my words,threat,en,augment_template_v2,synthetic_llm
"If you keep running your mouth, i can and will drag you — you will see",threat,en,augment_template_v2,synthetic_llm
i will tear apart you if you don't fix this — screenshot this,threat,en,augment_template_v2,synthetic_llm
i can and will ruin you if you keep talking — you've been told,threat,en,augment_template_v2,synthetic_llm
my crew guarantee i will strip away everything from you — you will see,threat,en,augment_template_v2,synthetic_llm
we will drag you if you ignore this message — this is not a joke,threat,en,augment_template_v2,synthetic_llm
"If you ever do that again, we won't hesitate to end you — screenshot this",threat,en,augment_template_v2,synthetic_llm
my crew won't hesitate to come find you you if you don't call me right now — consider yourself warned,threat,en,augment_template_v2,synthetic_llm
i will humiliate you — mark my words,threat,en,augment_template_v2,synthetic_llm
"If you don't leave her alone, my crew will crack your skull you — i am dead serious",threat,en,augment_template_v2,synthetic_llm
my people can and will destroy you if you don't apologize publicly — you've been told,threat,en,augment_template_v2,synthetic_llm
"If you ever do that again, i can and will put down you — i am dead serious",threat,en,augment_template_v2,synthetic_llm
"If you don't stop, i am going to come find you you — mark my words",threat,en,augment_template_v2,synthetic_llm
my crew am going to come for you you if you ignore this message — screenshot this,threat,en,augment_template_v2,synthetic_llm
we will locate you you — and i mean every word,threat,en,augment_template_v2,synthetic_llm
"If you cross me one more time, my people won't hesitate to burn down you — i promise you that",threat,en,augment_template_v2,synthetic_llm
"If you don't take that down, my people can and will wreck you — i am dead serious",threat,en,augment_template_v2,synthetic_llm
i will embarrass you — i am dead serious,threat,en,augment_template_v2,synthetic_llm
i swear i'll track you down you — i promise you that,threat,en,augment_template_v2,synthetic_llm
my crew can and will drag you — this is not a joke,threat,en,augment_template_v2,synthetic_llm
"If you don't leave her alone, i promise i'm going to lay out you — you will see",threat,en,augment_template_v2,synthetic_llm
"If you ever do that again, we promise i'm going to track you down you — screenshot this",threat,en,augment_template_v2,synthetic_llm
"If you don't fix this, we promise i'm going to humiliate you — you've been told",threat,en,augment_template_v2,synthetic_llm
"If you come near me again, we am going to devastate you — this is not a joke",threat,en,augment_template_v2,synthetic_llm
my crew promise i'm going to track you down you if you don't apologize publicly — you've been told,threat,en,augment_template_v2,synthetic_llm
my people swear i'll burn down you — this is not a joke,threat,en,augment_template_v2,synthetic_llm
my people guarantee i will beat you — this is not a joke,threat,en,augment_template_v2,synthetic_llm
"If you cross me one more time, my people won't hesitate to destroy you",threat,en,augment_template_v2,synthetic_llm
we am going to come find you you,threat,en,augment_template_v2,synthetic_llm
my crew am going to put down you if you ever do that again — consider yourself warned,threat,en,augment_template_v2,synthetic_llm
my crew won't hesitate to wreck you,threat,en,augment_template_v2,synthetic_llm
my crew swear i'll ruin you if you don't fix this — this is not a joke,threat,en,augment_template_v2,synthetic_llm
i can and will come find you you if you show your face here again — mark my words,threat,en,augment_template_v2,synthetic_llm
my crew am going to track you down you if you come near me again — mark my words,threat,en,augment_template_v2,synthetic_llm
"If you ignore this message, i can and will pound you — you've been told",threat,en,augment_template_v2,synthetic_llm
we guarantee i will come for you you if you come near me again — and i mean every word,threat,en,augment_template_v2,synthetic_llm
i can and will find you you if you don't pay me back by 5 minutes — don't test me,threat,en,augment_template_v2,synthetic_llm
we am going to put down you if you don't fix this — you will see,threat,en,augment_template_v2,synthetic_llm
we will devastate you — you've been told,threat,en,augment_template_v2,synthetic_llm
we swear i'll come for you you if you come near me again — i am dead serious,threat,en,augment_template_v2,synthetic_llm
my people will wreck you,threat,en,augment_template_v2,synthetic_llm
my crew swear i'll expose you — you've been told,threat,en,augment_template_v2,synthetic_llm
i am going to track you down you if you ignore this message — i am dead serious,threat,en,augment_template_v2,synthetic_llm
my crew can and will choke you if you don't call me right now — screenshot this,threat,en,augment_template_v2,synthetic_llm
we swear i'll bury you if you don't pay me back by tonight — i promise you that,threat,en,augment_template_v2,synthetic_llm
i promise i'm going to wreck you if you don't apologize publicly — i am dead serious,threat,en,augment_template_v2,synthetic_llm
you lit the fire — i'm the fire,threat,en,augment_direct,synthetic_llm
my crew am going to devastate you if you keep talking — you will see,threat,en,augment_template_v2,synthetic_llm
my crew promise i'm going to end you — i am dead serious,threat,en,augment_template_v2,synthetic_llm
"If you keep this up, my people can and will put in the hospital you — don't test me",threat,en,augment_template_v2,synthetic_llm
i am going to destroy you if you don't apologize publicly — you will see,threat,en,augment_template_v2,synthetic_llm
"If you ignore this message, my people am going to destroy you — screenshot this",threat,en,augment_template_v2,synthetic_llm
my people can and will track you down you if you come near me again — this is not a joke,threat,en,augment_template_v2,synthetic_llm
we am going to crack your skull you — consider yourself warned,threat,en,augment_template_v2,synthetic_llm
"If you ever do that again, i am going to beat you — and i mean every word",threat,en,augment_template_v2,synthetic_llm
i've been merciful up to now — that mercy is finished,threat,en,augment_direct,synthetic_llm
i promise i'm going to slam you if you don't leave her alone — you will see,threat,en,augment_template_v2,synthetic_llm
"If you don't pay me back by tonight, i swear i'll find you you",threat,en,augment_template_v2,synthetic_llm
"If you keep talking, my crew will come for you you — i promise you that",threat,en,augment_template_v2,synthetic_llm
i am going to put down you — screenshot this,threat,en,augment_template_v2,synthetic_llm
my crew won't hesitate to track you down you — mark my words,threat,en,augment_template_v2,synthetic_llm
"If you ignore this message, my people will hurt you — i promise you that",threat,en,augment_template_v2,synthetic_llm
we swear i'll pound you if you don't apologize publicly — i am dead serious,threat,en,augment_template_v2,synthetic_llm
"If you come near me again, my people guarantee i will burn down you — you will see",threat,en,augment_template_v2,synthetic_llm
i promise i'm going to snap you if you don't apologize publicly — and i mean every word,threat,en,augment_template_v2,synthetic_llm
"If you don't leave her alone, we won't hesitate to come for you you — screenshot this",threat,en,augment_template_v2,synthetic_llm
we can and will crack your skull you if you come near me again — and i mean every word,threat,en,augment_template_v2,synthetic_llm
"If you keep talking, my crew can and will come find you you — don't test me",threat,en,augment_template_v2,synthetic_llm
"If you don't take that down, we promise i'm going to knock out you — i promise you that",threat,en,augment_template_v2,synthetic_llm
"If you don't leave her alone, i can and will find you you — i promise you that",threat,en,augment_template_v2,synthetic_llm
i swear i'll hurt you if you ever do that again — don't test me,threat,en,augment_template_v2,synthetic_llm
"If you ever do that again, my people am going to bury you — you've been told",threat,en,augment_template_v2,synthetic_llm
my people am going to end you — i am dead serious,threat,en,augment_template_v2,synthetic_llm
i can and will dismantle you — don't test me,threat,en,augment_template_v2,synthetic_llm
my crew will find you you — and i mean every word,threat,en,augment_template_v2,synthetic_llm
my people can and will annihilate you if you cross me one more time — you will see,threat,en,augment_template_v2,synthetic_llm
i swear i'll break you if you come near me again — i promise you that,threat,en,augment_template_v2,synthetic_llm
i am going to erase you if you show your face here again — you will see,threat,en,augment_template_v2,synthetic_llm
"If you don't take that down, my crew promise i'm going to wreck you — you've been told",threat,en,augment_template_v2,synthetic_llm
i can and will obliterate you — and i mean every word,threat,en,augment_template_v2,synthetic_llm
"If you don't stop, we won't hesitate to destroy you — i promise you that",threat,en,augment_template_v2,synthetic_llm
my people am going to end you — you've been told,threat,en,augment_template_v2,synthetic_llm
"If you don't take that down, i can and will find you you — don't test me",threat,en,augment_template_v2,synthetic_llm
i won't hesitate to lay out you if you ignore this message — this is not a joke,threat,en,augment_template_v2,synthetic_llm
my people can and will snap you if you don't fix this — i promise you that,threat,en,augment_template_v2,synthetic_llm
"If you cross me one more time, i can and will crack your skull you — this is not a joke",threat,en,augment_template_v2,synthetic_llm
"If you come near me again, my people won't hesitate to devastate you",threat,en,augment_template_v2,synthetic_llm
we can and will snap you — you will see,threat,en,augment_template_v2,synthetic_llm
"If you don't call me right now, i will locate you you — consider yourself warned",threat,en,augment_template_v2,synthetic_llm
my people will put in the hospital you — you've been told,threat,en,augment_template_v2,synthetic_llm
my crew promise i'm going to lay out you — screenshot this,threat,en,augment_template_v2,synthetic_llm
"If you don't take that down, we can and will destroy you — i am dead serious",threat,en,augment_template_v2,synthetic_llm
you might want to prepare your loved ones for some surprising information,threat,en,augment_indirect,synthetic_llm
"If you don't stop, my crew will devastate you",threat,en,augment_template_v2,synthetic_llm
my crew promise i'm going to put down you — screenshot this,threat,en,augment_template_v2,synthetic_llm
my people guarantee i will demolish you if you ever do that again — consider yourself warned,threat,en,augment_template_v2,synthetic_llm
i will track you down you — and i mean every word,threat,en,augment_template_v2,synthetic_llm
i guarantee i will embarrass you if you cross me one more time,threat,en,augment_template_v2,synthetic_llm
my people will locate you you if you come near me again — screenshot this,threat,en,augment_template_v2,synthetic_llm
i won't hesitate to embarrass you if you keep talking — you've been told,threat,en,augment_template_v2,synthetic_llm
we can and will track you down you — i am dead serious,threat,en,augment_template_v2,synthetic_llm
my people swear i'll end you,threat,en,augment_template_v2,synthetic_llm
we guarantee i will wreck you if you don't take that down — screenshot this,threat,en,augment_template_v2,synthetic_llm
my people can and will come find you you if you don't apologize publicly — consider yourself warned,threat,en,augment_template_v2,synthetic_llm
my crew guarantee i will come for you you — i am dead serious,threat,en,augment_template_v2,synthetic_llm
we promise i'm going to humiliate you if you show your face here again — and i mean every word,threat,en,augment_template_v2,synthetic_llm
my crew will hunt you down you — consider yourself warned,threat,en,augment_template_v2,synthetic_llm
my crew won't hesitate to crack your skull you — you've been told,threat,en,augment_template_v2,synthetic_llm
my crew won't hesitate to come for you you if you keep this up — and i mean every word,threat,en,augment_template_v2,synthetic_llm
my crew swear i'll devastate you if you ignore this message — and i mean every word,threat,en,augment_template_v2,synthetic_llm
my people swear i'll find you you — you will see,threat,en,augment_template_v2,synthetic_llm
we guarantee i will find you you if you come near me again — don't test me,threat,en,augment_template_v2,synthetic_llm
"If you keep this up, my people promise i'm going to find you you — don't test me",threat,en,augment_template_v2,synthetic_llm
i will erase you — consider yourself warned,threat,en,augment_template_v2,synthetic_llm
"If you don't call me right now, my people can and will bury you — screenshot this",threat,en,augment_template_v2,synthetic_llm
my people guarantee i will put down you if you cross me one more time — don't test me,threat,en,augment_template_v2,synthetic_llm
i can and will devastate you if you keep this up — and i mean every word,threat,en,augment_template_v2,synthetic_llm
"If you don't fix this, i am going to break you — screenshot this",threat,en,augment_template_v2,synthetic_llm
i swear i'll come find you you if you keep this up — you've been told,threat,en,augment_template_v2,synthetic_llm
my crew am going to track you down you — you will see,threat,en,augment_template_v2,synthetic_llm
"If you show your face here again, my people swear i'll devastate you — don't test me",threat,en,augment_template_v2,synthetic_llm
i swear i'll find you you if you cross me one more time — i am dead serious,threat,en,augment_template_v2,synthetic_llm
we am going to find you you if you don't apologize publicly — you've been told,threat,en,augment_template_v2,synthetic_llm
my people guarantee i will knock out you — this is not a joke,threat,en,augment_template_v2,synthetic_llm
my people swear i'll demolish you — and i mean every word,threat,en,augment_template_v2,synthetic_llm
my people can and will wreck you if you come near me again — you will see,threat,en,augment_template_v2,synthetic_llm
"If you don't take that down, we am going to find you you",threat,en,augment_template_v2,synthetic_llm
my crew am going to burn down you if you ever do that again — and i mean every word,threat,en,augment_template_v2,synthetic_llm
"If you don't stop, i swear i'll track you down you — you've been told",threat,en,augment_template_v2,synthetic_llm
we will embarrass you — you've been told,threat,en,augment_template_v2,synthetic_llm
my crew won't hesitate to track you down you — you will see,threat,en,augment_template_v2,synthetic_llm
i won't hesitate to humiliate you if you keep this up — mark my words,threat,en,augment_template_v2,synthetic_llm
my crew promise i'm going to wreck you if you keep talking — you've been told,threat,en,augment_template_v2,synthetic_llm
my crew swear i'll erase you if you don't fix this,threat,en,augment_template_v2,synthetic_llm
my people guarantee i will snap you — and i mean every word,threat,en,augment_template_v2,synthetic_llm
my people won't hesitate to strip away everything from you — this is not a joke,threat,en,augment_template_v2,synthetic_llm
my people will come find you you,threat,en,augment_template_v2,synthetic_llm
we can and will hunt you down you if you come near me again — consider yourself warned,threat,en,augment_template_v2,synthetic_llm
i've spent the last week planning exactly what i'm going to do to you,threat,en,augment_direct,synthetic_llm
"If you keep this up, we swear i'll put in the hospital you — don't test me",threat,en,augment_template_v2,synthetic_llm
my people am going to come for you you — consider yourself warned,threat,en,augment_template_v2,synthetic_llm
my crew will embarrass you if you come near me again — i am dead serious,threat,en,augment_template_v2,synthetic_llm
my people can and will tear apart you if you don't leave her alone — don't test me,threat,en,augment_template_v2,synthetic_llm
my people can and will track you down you — consider yourself warned,threat,en,augment_template_v2,synthetic_llm
my people guarantee i will put in the hospital you if you don't leave her alone — consider yourself warned,threat,en,augment_template_v2,synthetic_llm
"If you don't pay me back by an hour, we am going to track you down you — i promise you that",threat,en,augment_template_v2,synthetic_llm
my crew swear i'll locate you you if you don't pay me back by an hour — i promise you that,threat,en,augment_template_v2,synthetic_llm
every single one of you involved is going to pay for this,threat,en,augment_direct,synthetic_llm
i am going to embarrass you if you cross me one more time — i am dead serious,threat,en,augment_template_v2,synthetic_llm
"If you don't apologize publicly, my crew promise i'm going to strangle you — i am dead serious",threat,en,augment_template_v2,synthetic_llm
you think you're safe because you haven't heard from me — that's the plan,threat,en,augment_direct,synthetic_llm
my people am going to come find you you — you've been told,threat,en,augment_template_v2,synthetic_llm
"If you ignore this message, my crew can and will destroy you — you will see",threat,en,augment_template_v2,synthetic_llm
i guarantee i will break you if you don't apologize publicly — i am dead serious,threat,en,augment_template_v2,synthetic_llm
you'll know it was me but you won't be able to prove it,threat,en,augment_indirect,synthetic_llm
my people won't hesitate to come for you you — you will see,threat,en,augment_template_v2,synthetic_llm
bro is all talk until the smoke comes real quick,threat,en,augment_teen_slang,synthetic_llm
"If you don't call me right now, i swear i'll track you down you — i am dead serious",threat,en,augment_template_v2,synthetic_llm
we won't hesitate to track you down you if you don't call me right now — and i mean every word,threat,en,augment_template_v2,synthetic_llm
"If you ignore this message, my people guarantee i will locate you you — mark my words",threat,en,augment_template_v2,synthetic_llm
"If you ignore this message, i promise i'm going to track you down you — and i mean every word",threat,en,augment_template_v2,synthetic_llm
"If you ignore this message, we can and will ruin you — i am dead serious",threat,en,augment_template_v2,synthetic_llm
i swear i'll annihilate you if you show your face here again — and i mean every word,threat,en,augment_template_v2,synthetic_llm
my people promise i'm going to find you you — you will see,threat,en,augment_template_v2,synthetic_llm
we swear i'll come find you you if you keep talking — this is not a joke,threat,en,augment_template_v2,synthetic_llm
my crew can and will come for you you — i promise you that,threat,en,augment_template_v2,synthetic_llm
"If you don't stop, my people can and will hunt you down you — you will see",threat,en,augment_template_v2,synthetic_llm
i promise i'm going to hunt you down you if you come near me again — this is not a joke,threat,en,augment_template_v2,synthetic_llm
my people am going to crack your skull you if you come near me again — don't test me,threat,en,augment_template_v2,synthetic_llm
my people swear i'll finish you — you've been told,threat,en,augment_template_v2,synthetic_llm
"If you don't take that down, we promise i'm going to wreck you — consider yourself warned",threat,en,augment_template_v2,synthetic_llm
my crew can and will find you you — mark my words,threat,en,augment_template_v2,synthetic_llm
my crew promise i'm going to destroy you — you've been told,threat,en,augment_template_v2,synthetic_llm
"If you don't stop, we promise i'm going to beat you — this is not a joke",threat,en,augment_template_v2,synthetic_llm
we swear i'll wreck you — don't test me,threat,en,augment_template_v2,synthetic_llm
"If you don't apologize publicly, my people won't hesitate to come for you you — this is not a joke",threat,en,augment_template_v2,synthetic_llm
we won't hesitate to snap you if you ignore this message — consider yourself warned,threat,en,augment_template_v2,synthetic_llm
my crew won't hesitate to hunt you down you — i am dead serious,threat,en,augment_template_v2,synthetic_llm
we guarantee i will put down you if you keep talking — i promise you that,threat,en,augment_template_v2,synthetic_llm
my people won't hesitate to finish you — and i mean every word,threat,en,augment_template_v2,synthetic_llm
we swear i'll find you you if you ignore this message — you will see,threat,en,augment_template_v2,synthetic_llm
my people am going to track you down you if you don't call me right now — you will see,threat,en,augment_template_v2,synthetic_llm
"If you don't call me right now, i am going to strip away everything from you — and i mean every word",threat,en,augment_template_v2,synthetic_llm
we guarantee i will come find you you — consider yourself warned,threat,en,augment_template_v2,synthetic_llm
"If you come near me again, i can and will destroy you — mark my words",threat,en,augment_template_v2,synthetic_llm
"If you don't pay me back by tonight, i swear i'll locate you you — screenshot this",threat,en,augment_template_v2,synthetic_llm
i am going to find you you — i promise you that,threat,en,augment_template_v2,synthetic_llm
i promise i'm going to destroy you if you don't leave her alone,threat,en,augment_template_v2,synthetic_llm
we guarantee i will embarrass you — i am dead serious,threat,en,augment_template_v2,synthetic_llm
i won't hesitate to put in the hospital you — and i mean every word,threat,en,augment_template_v2,synthetic_llm
we promise i'm going to obliterate you — and i mean every word,threat,en,augment_template_v2,synthetic_llm
my crew can and will knock out you — i promise you that,threat,en,augment_template_v2,synthetic_llm
you will beg me to stop and that moment cannot come soon enough,threat,en,augment_direct,synthetic_llm
i am going to lay out you if you cross me one more time — and i mean every word,threat,en,augment_template_v2,synthetic_llm
we guarantee i will come find you you if you don't pay me back by tonight — mark my words,threat,en,augment_template_v2,synthetic_llm
my people won't hesitate to come find you you — i am dead serious,threat,en,augment_template_v2,synthetic_llm
we promise i'm going to pound you if you keep this up — you will see,threat,en,augment_template_v2,synthetic_llm
my people will humiliate you — don't test me,threat,en,augment_template_v2,synthetic_llm
we won't hesitate to wreck you,threat,en,augment_template_v2,synthetic_llm
we guarantee i will burn down you if you keep running your mouth — consider yourself warned,threat,en,augment_template_v2,synthetic_llm
"If you ignore this message, my people am going to ruin you — screenshot this",threat,en,augment_template_v2,synthetic_llm
i swear i'll find you you — and i mean every word,threat,en,augment_template_v2,synthetic_llm
"If you don't apologize publicly, my people guarantee i will come find you you — you've been told",threat,en,augment_template_v2,synthetic_llm
we won't hesitate to hunt you down you if you ever do that again — you will see,threat,en,augment_template_v2,synthetic_llm
i will make you feel as small and helpless as you made me feel,threat,en,augment_direct,synthetic_llm
i am going to come for you you — and i mean every word,threat,en,augment_template_v2,synthetic_llm
"If you keep this up, we will come find you you",threat,en,augment_template_v2,synthetic_llm
"If you come near me again, my crew guarantee i will track you down you — screenshot this",threat,en,augment_template_v2,synthetic_llm
"If you don't pay me back by the end of the day, my crew guarantee i will slam you — you will see",threat,en,augment_template_v2,synthetic_llm
"If you don't pay me back by the end of the day, i guarantee i will end you — consider yourself warned",threat,en,augment_template_v2,synthetic_llm
"If you don't leave her alone, my crew swear i'll choke you",threat,en,augment_template_v2,synthetic_llm
we am going to crack your skull you — mark my words,threat,en,augment_template_v2,synthetic_llm
"If you don't leave her alone, my people promise i'm going to devastate you — this is not a joke",threat,en,augment_template_v2,synthetic_llm
we will pound you if you don't leave her alone — this is not a joke,threat,en,augment_template_v2,synthetic_llm
"If you don't pay me back by the end of the day, i promise i'm going to demolish you — i promise you that",threat,en,augment_template_v2,synthetic_llm
my crew guarantee i will strip away everything from you — don't test me,threat,en,augment_template_v2,synthetic_llm
my people guarantee i will locate you you if you don't take that down,threat,en,augment_template_v2,synthetic_llm
my crew won't hesitate to strip away everything from you if you don't leave her alone — screenshot this,threat,en,augment_template_v2,synthetic_llm
my crew am going to beat you — this is not a joke,threat,en,augment_template_v2,synthetic_llm
my crew am going to come for you you if you don't call me right now — consider yourself warned,threat,en,augment_template_v2,synthetic_llm
"If you don't pay me back by the end of the day, i swear i'll come for you you — mark my words",threat,en,augment_template_v2,synthetic_llm
i promise i'm going to come for you you — screenshot this,threat,en,augment_template_v2,synthetic_llm
we guarantee i will erase you if you don't stop — this is not a joke,threat,en,augment_template_v2,synthetic_llm
we will track you down you if you don't fix this,threat,en,augment_template_v2,synthetic_llm
i won't hesitate to come find you you if you don't stop — screenshot this,threat,en,augment_template_v2,synthetic_llm
"If you don't call me right now, my crew am going to come for you you — you will see",threat,en,augment_template_v2,synthetic_llm
i guarantee i will demolish you — screenshot this,threat,en,augment_template_v2,synthetic_llm
we swear i'll drag you — i am dead serious,threat,en,augment_template_v2,synthetic_llm
"If you don't call me right now, we will locate you you — don't test me",threat,en,augment_template_v2,synthetic_llm
my people can and will obliterate you — and i mean every word,threat,en,augment_template_v2,synthetic_llm
my crew can and will track you down you if you cross me one more time — mark my words,threat,en,augment_template_v2,synthetic_llm
my people promise i'm going to obliterate you — you've been told,threat,en,augment_template_v2,synthetic_llm
we will finish you if you don't leave her alone — mark my words,threat,en,augment_template_v2,synthetic_llm
"If you don't apologize publicly, i can and will destroy you — screenshot this",threat,en,augment_template_v2,synthetic_llm
we guarantee i will snap you — i promise you that,threat,en,augment_template_v2,synthetic_llm
"If you ignore this message, i guarantee i will come for you you — this is not a joke",threat,en,augment_template_v2,synthetic_llm
i will break you — i promise you that,threat,en,augment_template_v2,synthetic_llm
i promise i'm going to bury you — consider yourself warned,threat,en,augment_template_v2,synthetic_llm
my people can and will find you you if you don't leave her alone — don't test me,threat,en,augment_template_v2,synthetic_llm
my people promise i'm going to lay out you if you don't take that down — don't test me,threat,en,augment_template_v2,synthetic_llm
"If you come near me again, i promise i'm going to stomp you — and i mean every word",threat,en,augment_template_v2,synthetic_llm
"If you cross me one more time, my people swear i'll erase you — i promise you that",threat,en,augment_template_v2,synthetic_llm
"If you keep this up, my crew guarantee i will pound you — i promise you that",threat,en,augment_template_v2,synthetic_llm
we will finish you if you don't fix this — i am dead serious,threat,en,augment_template_v2,synthetic_llm
my people will find you you if you come near me again — don't test me,threat,en,augment_template_v2,synthetic_llm
"If you don't fix this, we will break you — screenshot this",threat,en,augment_template_v2,synthetic_llm
we swear i'll snap you — i am dead serious,threat,en,augment_template_v2,synthetic_llm
my crew am going to finish you if you don't stop — i promise you that,threat,en,augment_template_v2,synthetic_llm
my people swear i'll destroy you — this is not a joke,threat,en,augment_template_v2,synthetic_llm
"If you don't stop, my people promise i'm going to strip away everything from you — screenshot this",threat,en,augment_template_v2,synthetic_llm
my crew can and will snap you — you've been told,threat,en,augment_template_v2,synthetic_llm
"If you ever do that again, we am going to demolish you — mark my words",threat,en,augment_template_v2,synthetic_llm
you will not walk away from what's coming without lasting damage,threat,en,augment_direct,synthetic_llm
"If you don't call me right now, my crew swear i'll embarrass you — i promise you that",threat,en,augment_template_v2,synthetic_llm
i'm going to prove to you that i am exactly who you should have feared,threat,en,augment_direct,synthetic_llm
"If you ignore this message, i swear i'll burn down you",threat,en,augment_template_v2,synthetic_llm
my crew promise i'm going to hunt you down you if you ever do that again — i promise you that,threat,en,augment_template_v2,synthetic_llm
i won't hesitate to tear apart you — i promise you that,threat,en,augment_template_v2,synthetic_llm
my crew swear i'll hurt you if you don't apologize publicly — mark my words,threat,en,augment_template_v2,synthetic_llm
we won't hesitate to put down you — you've been told,threat,en,augment_template_v2,synthetic_llm
we am going to locate you you — you will see,threat,en,augment_template_v2,synthetic_llm
"If you ignore this message, we swear i'll come for you you — i am dead serious",threat,en,augment_template_v2,synthetic_llm
my people will come find you you — consider yourself warned,threat,en,augment_template_v2,synthetic_llm
i swear i'll annihilate you — you've been told,threat,en,augment_template_v2,synthetic_llm
"If you don't stop, my crew can and will stomp you — consider yourself warned",threat,en,augment_template_v2,synthetic_llm
"If you show your face here again, i will locate you you — you will see",threat,en,augment_template_v2,synthetic_llm
"If you don't apologize publicly, my people guarantee i will wreck you — i promise you that",threat,en,augment_template_v2,synthetic_llm
i won't hesitate to embarrass you — don't test me,threat,en,augment_template_v2,synthetic_llm
i promise i'm going to hurt you if you ignore this message — don't test me,threat,en,augment_template_v2,synthetic_llm
we can and will beat you if you ever do that again — i promise you that,threat,en,augment_template_v2,synthetic_llm
my people won't hesitate to hunt you down you if you don't pay me back by the end of the day — consider yourself warned,threat,en,augment_template_v2,synthetic_llm
we won't hesitate to find you you if you keep talking — you will see,threat,en,augment_template_v2,synthetic_llm
my people promise i'm going to choke you — consider yourself warned,threat,en,augment_template_v2,synthetic_llm
we promise i'm going to ruin you — you've been told,threat,en,augment_template_v2,synthetic_llm
we am going to wreck you if you keep running your mouth — and i mean every word,threat,en,augment_template_v2,synthetic_llm
"If you show your face here again, we swear i'll come for you you — consider yourself warned",threat,en,augment_template_v2,synthetic_llm
my crew won't hesitate to destroy you — screenshot this,threat,en,augment_template_v2,synthetic_llm
my crew guarantee i will knock out you if you don't leave her alone — i promise you that,threat,en,augment_template_v2,synthetic_llm
my crew will snap you — i promise you that,threat,en,augment_template_v2,synthetic_llm
i swear i'll knock out you,threat,en,augment_template_v2,synthetic_llm
my crew swear i'll stomp you if you don't apologize publicly — i promise you that,threat,en,augment_template_v2,synthetic_llm
"If you ignore this message, my people guarantee i will hunt you down you",threat,en,augment_template_v2,synthetic_llm
"If you don't take that down, we won't hesitate to put down you — this is not a joke",threat,en,augment_template_v2,synthetic_llm
my people swear i'll expose you — you will see,threat,en,augment_template_v2,synthetic_llm
my people can and will end you if you keep running your mouth — you will see,threat,en,augment_template_v2,synthetic_llm
we won't hesitate to pound you — i promise you that,threat,en,augment_template_v2,synthetic_llm
"If you don't pay me back by an hour, i guarantee i will annihilate you — screenshot this",threat,en,augment_template_v2,synthetic_llm
i won't hesitate to dismantle you if you keep running your mouth — mark my words,threat,en,augment_template_v2,synthetic_llm
my crew promise i'm going to finish you — you will see,threat,en,augment_template_v2,synthetic_llm
we am going to hunt you down you if you don't stop — consider yourself warned,threat,en,augment_template_v2,synthetic_llm
we can and will destroy you — i am dead serious,threat,en,augment_template_v2,synthetic_llm
my people will erase you — i promise you that,threat,en,augment_template_v2,synthetic_llm
"If you don't fix this, we will hunt you down you — you will see",threat,en,augment_template_v2,synthetic_llm
"If you ignore this message, i guarantee i will expose you — i am dead serious",threat,en,augment_template_v2,synthetic_llm
i promise i'm going to locate you you — i am dead serious,threat,en,augment_template_v2,synthetic_llm
"If you ever do that again, my crew can and will ruin you — you will see",threat,en,augment_template_v2,synthetic_llm
my crew swear i'll beat you — consider yourself warned,threat,en,augment_template_v2,synthetic_llm
"If you show your face here again, we guarantee i will dismantle you — don't test me",threat,en,augment_template_v2,synthetic_llm
my people am going to locate you you,threat,en,augment_template_v2,synthetic_llm
i can and will embarrass you — you've been told,threat,en,augment_template_v2,synthetic_llm
we can and will stomp you if you don't take that down — screenshot this,threat,en,augment_template_v2,synthetic_llm
we guarantee i will come find you you — screenshot this,threat,en,augment_template_v2,synthetic_llm
"If you don't pay me back by an hour, i will locate you you — i promise you that",threat,en,augment_template_v2,synthetic_llm
"If you don't leave her alone, my crew will snap you — you've been told",threat,en,augment_template_v2,synthetic_llm
my crew swear i'll hurt you — i promise you that,threat,en,augment_template_v2,synthetic_llm
my people am going to erase you — this is not a joke,threat,en,augment_template_v2,synthetic_llm
"If you don't stop, we am going to find you you — consider yourself warned",threat,en,augment_template_v2,synthetic_llm
we can and will destroy you — and i mean every word,threat,en,augment_template_v2,synthetic_llm
"If you keep this up, my people swear i'll find you you — mark my words",threat,en,augment_template_v2,synthetic_llm
we guarantee i will break you — i am dead serious,threat,en,augment_template_v2,synthetic_llm
"If you cross me one more time, we am going to come find you you — i promise you that",threat,en,augment_template_v2,synthetic_llm
i won't hesitate to put down you — consider yourself warned,threat,en,augment_template_v2,synthetic_llm
i can and will crack your skull you if you keep this up — this is not a joke,threat,en,augment_template_v2,synthetic_llm
we will end you — mark my words,threat,en,augment_template_v2,synthetic_llm
my people will stomp you if you show your face here again,threat,en,augment_template_v2,synthetic_llm
i guarantee i will find you you if you keep this up — screenshot this,threat,en,augment_template_v2,synthetic_llm
my people won't hesitate to track you down you — consider yourself warned,threat,en,augment_template_v2,synthetic_llm
my people swear i'll embarrass you — don't test me,threat,en,augment_template_v2,synthetic_llm
"If you don't fix this, my people swear i'll come for you you — consider yourself warned",threat,en,augment_template_v2,synthetic_llm
i swear i'll choke you if you show your face here again — this is not a joke,threat,en,augment_template_v2,synthetic_llm
my crew can and will find you you if you keep running your mouth — this is not a joke,threat,en,augment_template_v2,synthetic_llm
we am going to hunt you down you if you show your face here again — you will see,threat,en,augment_template_v2,synthetic_llm
"If you show your face here again, we guarantee i will come find you you — screenshot this",threat,en,augment_template_v2,synthetic_llm
"If you ignore this message, we swear i'll stomp you — i promise you that",threat,en,augment_template_v2,synthetic_llm
"If you keep this up, my people promise i'm going to strangle you — and i mean every word",threat,en,augment_template_v2,synthetic_llm
"If you ignore this message, my people won't hesitate to embarrass you — screenshot this",threat,en,augment_template_v2,synthetic_llm
we can and will come for you you — this is not a joke,threat,en,augment_template_v2,synthetic_llm
"If you keep talking, i promise i'm going to locate you you — i am dead serious",threat,en,augment_template_v2,synthetic_llm
"If you ignore this message, my people won't hesitate to expose you — you will see",threat,en,augment_template_v2,synthetic_llm
i swear i'll find you you — you will see,threat,en,augment_template_v2,synthetic_llm
i can and will locate you you — i promise you that,threat,en,augment_template_v2,synthetic_llm
i guarantee i will bury you — and i mean every word,threat,en,augment_template_v2,synthetic_llm
my people am going to wreck you — and i mean every word,threat,en,augment_template_v2,synthetic_llm
i guarantee i will embarrass you — this is not a joke,threat,en,augment_template_v2,synthetic_llm
my people guarantee i will find you you if you ever do that again — you've been told,threat,en,augment_template_v2,synthetic_llm
i guarantee i will destroy you if you come near me again — i promise you that,threat,en,augment_template_v2,synthetic_llm
"If you don't stop, my crew swear i'll end you — don't test me",threat,en,augment_template_v2,synthetic_llm
we won't hesitate to locate you you if you keep running your mouth — i promise you that,threat,en,augment_template_v2,synthetic_llm
my people will ruin you — and i mean every word,threat,en,augment_template_v2,synthetic_llm
we promise i'm going to strangle you — you've been told,threat,en,augment_template_v2,synthetic_llm
my crew guarantee i will put in the hospital you — consider yourself warned,threat,en,augment_template_v2,synthetic_llm
my people will destroy you if you show your face here again — this is not a joke,threat,en,augment_template_v2,synthetic_llm
my people swear i'll annihilate you — i promise you that,threat,en,augment_template_v2,synthetic_llm
"If you show your face here again, my crew am going to choke you — you will see",threat,en,augment_template_v2,synthetic_llm
my people will devastate you — you've been told,threat,en,augment_template_v2,synthetic_llm
my people won't hesitate to tear apart you if you come near me again,threat,en,augment_template_v2,synthetic_llm
"If you don't take that down, we am going to break you — you've been told",threat,en,augment_template_v2,synthetic_llm
we promise i'm going to wreck you — mark my words,threat,en,augment_template_v2,synthetic_llm
my people swear i'll burn down you if you don't stop — you've been told,threat,en,augment_template_v2,synthetic_llm
"If you come near me again, i am going to beat you — this is not a joke",threat,en,augment_template_v2,synthetic_llm
you're going to have a very interesting few weeks,threat,en,augment_indirect,synthetic_llm
my crew am going to hunt you down you if you show your face here again — you will see,threat,en,augment_template_v2,synthetic_llm
"If you don't apologize publicly, my people can and will expose you — this is not a joke",threat,en,augment_template_v2,synthetic_llm
i won't hesitate to hunt you down you — screenshot this,threat,en,augment_template_v2,synthetic_llm
my crew swear i'll wreck you if you keep running your mouth — consider yourself warned,threat,en,augment_template_v2,synthetic_llm
"If you keep talking, my people guarantee i will choke you — you will see",threat,en,augment_template_v2,synthetic_llm
"If you show your face here again, my crew guarantee i will put in the hospital you — and i mean every word",threat,en,augment_template_v2,synthetic_llm
my crew can and will snap you — mark my words,threat,en,augment_template_v2,synthetic_llm
things tend to fall apart for people who do what you did,threat,en,augment_indirect,synthetic_llm
"If you ignore this message, i promise i'm going to come for you you — this is not a joke",threat,en,augment_template_v2,synthetic_llm
i guarantee i will knock out you if you don't leave her alone — don't test me,threat,en,augment_template_v2,synthetic_llm
i promise i'm going to pound you if you don't pay me back by 5 minutes — consider yourself warned,threat,en,augment_template_v2,synthetic_llm
"If you keep running your mouth, my crew swear i'll strip away everything from you — consider yourself warned",threat,en,augment_template_v2,synthetic_llm
"If you don't stop, we can and will burn down you — consider yourself warned",threat,en,augment_template_v2,synthetic_llm
"If you don't call me right now, i can and will come find you you — you will see",threat,en,augment_template_v2,synthetic_llm
my people am going to end you — and i mean every word,threat,en,augment_template_v2,synthetic_llm
my crew promise i'm going to destroy you — i promise you that,threat,en,augment_template_v2,synthetic_llm
we guarantee i will break you if you don't apologize publicly — and i mean every word,threat,en,augment_template_v2,synthetic_llm
"If you don't stop, i promise i'm going to demolish you — mark my words",threat,en,augment_template_v2,synthetic_llm
i am going to find you you if you keep this up — consider yourself warned,threat,en,augment_template_v2,synthetic_llm
"If you don't take that down, i swear i'll embarrass you — i promise you that",threat,en,augment_template_v2,synthetic_llm
we promise i'm going to hurt you if you show your face here again — i promise you that,threat,en,augment_template_v2,synthetic_llm
my crew am going to locate you you if you keep running your mouth — you will see,threat,en,augment_template_v2,synthetic_llm
my people swear i'll slam you if you don't fix this — you will see,threat,en,augment_template_v2,synthetic_llm
my crew swear i'll find you you if you come near me again — this is not a joke,threat,en,augment_template_v2,synthetic_llm
my crew am going to come for you you — mark my words,threat,en,augment_template_v2,synthetic_llm
"If you don't pay me back by the end of the day, we won't hesitate to track you down you — you will see",threat,en,augment_template_v2,synthetic_llm
my people will demolish you if you keep talking — you will see,threat,en,augment_template_v2,synthetic_llm
my crew am going to wreck you — and i mean every word,threat,en,augment_template_v2,synthetic_llm
my crew am going to track you down you if you don't leave her alone — consider yourself warned,threat,en,augment_template_v2,synthetic_llm
we promise i'm going to hunt you down you — i promise you that,threat,en,augment_template_v2,synthetic_llm
my people promise i'm going to tear apart you,threat,en,augment_template_v2,synthetic_llm
"If you show your face here again, my people am going to track you down you",threat,en,augment_template_v2,synthetic_llm
we guarantee i will come for you you — and i mean every word,threat,en,augment_template_v2,synthetic_llm
my people guarantee i will hunt you down you — mark my words,threat,en,augment_template_v2,synthetic_llm
"If you come near me again, my people promise i'm going to finish you — this is not a joke",threat,en,augment_template_v2,synthetic_llm
my people guarantee i will lay out you if you keep talking — mark my words,threat,en,augment_template_v2,synthetic_llm
"If you ignore this message, my crew guarantee i will locate you you — and i mean every word",threat,en,augment_template_v2,synthetic_llm
i promise i'm going to erase you — this is not a joke,threat,en,augment_template_v2,synthetic_llm
"If you don't apologize publicly, my crew promise i'm going to choke you — you will see",threat,en,augment_template_v2,synthetic_llm
my people am going to choke you if you ignore this message — you've been told,threat,en,augment_template_v2,synthetic_llm
i won't hesitate to destroy you if you keep this up — and i mean every word,threat,en,augment_template_v2,synthetic_llm
"If you show your face here again, i can and will crack your skull you — screenshot this",threat,en,augment_template_v2,synthetic_llm
we swear i'll demolish you if you don't apologize publicly — you will see,threat,en,augment_template_v2,synthetic_llm
my crew guarantee i will come for you you if you don't call me right now — i am dead serious,threat,en,augment_template_v2,synthetic_llm
we guarantee i will annihilate you if you keep this up,threat,en,augment_template_v2,synthetic_llm
"If you ever do that again, my people am going to pound you — i am dead serious",threat,en,augment_template_v2,synthetic_llm
my crew promise i'm going to come for you you if you ignore this message,threat,en,augment_template_v2,synthetic_llm
we promise i'm going to track you down you if you ignore this message — and i mean every word,threat,en,augment_template_v2,synthetic_llm
my people won't hesitate to come for you you if you don't call me right now — screenshot this,threat,en,augment_template_v2,synthetic_llm
i won't hesitate to locate you you — mark my words,threat,en,augment_template_v2,synthetic_llm
my crew won't hesitate to ruin you — screenshot this,threat,en,augment_template_v2,synthetic_llm
"If you don't pay me back by the end of the day, we guarantee i will track you down you — you've been told",threat,en,augment_template_v2,synthetic_llm
we won't hesitate to strip away everything from you — you've been told,threat,en,augment_template_v2,synthetic_llm
my crew swear i'll humiliate you — mark my words,threat,en,augment_template_v2,synthetic_llm
"If you don't apologize publicly, i swear i'll track you down you — mark my words",threat,en,augment_template_v2,synthetic_llm
i guarantee i will tear apart you if you keep this up — consider yourself warned,threat,en,augment_template_v2,synthetic_llm
"If you don't call me right now, i will humiliate you — you will see",threat,en,augment_template_v2,synthetic_llm
we am going to find you you — don't test me,threat,en,augment_template_v2,synthetic_llm
"If you come near me again, my crew guarantee i will find you you — screenshot this",threat,en,augment_template_v2,synthetic_llm
you've forced my hand and my hand is not gentle,threat,en,augment_direct,synthetic_llm
i will obliterate you — i am dead serious,threat,en,augment_template_v2,synthetic_llm
"If you keep this up, i guarantee i will knock out you — screenshot this",threat,en,augment_template_v2,synthetic_llm
we can and will hunt you down you if you keep this up — mark my words,threat,en,augment_template_v2,synthetic_llm
"If you don't call me right now, i will drag you — you will see",threat,en,augment_template_v2,synthetic_llm
my crew guarantee i will wreck you if you ever do that again — you will see,threat,en,augment_template_v2,synthetic_llm
"If you show your face here again, my crew promise i'm going to hurt you — you've been told",threat,en,augment_template_v2,synthetic_llm
"If you don't pay me back by the end of the day, my crew guarantee i will embarrass you — you will see",threat,en,augment_template_v2,synthetic_llm
my crew will expose you — consider yourself warned,threat,en,augment_template_v2,synthetic_llm
we promise i'm going to hunt you down you if you ignore this message,threat,en,augment_template_v2,synthetic_llm
"If you come near me again, i will destroy you — i am dead serious",threat,en,augment_template_v2,synthetic_llm
"If you ever do that again, my crew can and will wreck you — screenshot this",threat,en,augment_template_v2,synthetic_llm
"If you cross me one more time, my people promise i'm going to erase you — you will see",threat,en,augment_template_v2,synthetic_llm
"If you don't apologize publicly, i promise i'm going to hunt you down you — and i mean every word",threat,en,augment_template_v2,synthetic_llm
my people will come find you you if you don't apologize publicly — you've been told,threat,en,augment_template_v2,synthetic_llm
my crew promise i'm going to put down you if you don't pay me back by 24 hours — consider yourself warned,threat,en,augment_template_v2,synthetic_llm
we guarantee i will strip away everything from you — you will see,threat,en,augment_template_v2,synthetic_llm
"If you don't take that down, i won't hesitate to humiliate you — this is not a joke",threat,en,augment_template_v2,synthetic_llm
bro typed all that and thought he was safe 💀 wrong,threat,en,augment_teen_slang,synthetic_llm
"If you come near me again, my crew won't hesitate to drag you — you've been told",threat,en,augment_template_v2,synthetic_llm
"If you keep running your mouth, we am going to burn down you — don't test me",threat,en,augment_template_v2,synthetic_llm
"If you keep running your mouth, i promise i'm going to hunt you down you — you've been told",threat,en,augment_template_v2,synthetic_llm
my crew won't hesitate to find you you if you don't apologize publicly — and i mean every word,threat,en,augment_template_v2,synthetic_llm
we guarantee i will burn down you if you don't call me right now — i promise you that,threat,en,augment_template_v2,synthetic_llm
"If you keep talking, we am going to demolish you",threat,en,augment_template_v2,synthetic_llm
my people am going to track you down you — this is not a joke,threat,en,augment_template_v2,synthetic_llm
my crew can and will find you you if you don't fix this — i promise you that,threat,en,augment_template_v2,synthetic_llm
"If you don't fix this, my crew promise i'm going to destroy you — and i mean every word",threat,en,augment_template_v2,synthetic_llm
i can and will break you — and i mean every word,threat,en,augment_template_v2,synthetic_llm
my crew am going to destroy you — you will see,threat,en,augment_template_v2,synthetic_llm
i guarantee i will humiliate you if you keep this up — i promise you that,threat,en,augment_template_v2,synthetic_llm
my crew swear i'll dismantle you — consider yourself warned,threat,en,augment_template_v2,synthetic_llm
my crew guarantee i will destroy you if you don't take that down — mark my words,threat,en,augment_template_v2,synthetic_llm
we am going to burn down you,threat,en,augment_template_v2,synthetic_llm
my crew promise i'm going to find you you if you don't call me right now — don't test me,threat,en,augment_template_v2,synthetic_llm
my people won't hesitate to put down you — mark my words,threat,en,augment_template_v2,synthetic_llm
i am going to wreck you if you don't leave her alone — and i mean every word,threat,en,augment_template_v2,synthetic_llm
every comfort you have right now is on borrowed time,threat,en,augment_indirect,synthetic_llm
my crew will crack your skull you — consider yourself warned,threat,en,augment_template_v2,synthetic_llm
we promise i'm going to put down you — i promise you that,threat,en,augment_template_v2,synthetic_llm
i will not be replaced and forgotten — you are going to learn that,threat,en,augment_relationship,synthetic_llm
"If you show your face here again, my people guarantee i will break you",threat,en,augment_template_v2,synthetic_llm
we won't hesitate to track you down you if you keep talking — you will see,threat,en,augment_template_v2,synthetic_llm
"If you cross me one more time, we promise i'm going to hunt you down you",threat,en,augment_template_v2,synthetic_llm
"If you keep talking, we am going to snap you — screenshot this",threat,en,augment_template_v2,synthetic_llm
i won't hesitate to come for you you if you don't take that down — this is not a joke,threat,en,augment_template_v2,synthetic_llm
i promise i'm going to knock out you if you keep talking — i am dead serious,threat,en,augment_template_v2,synthetic_llm
we will erase you if you ever do that again — i promise you that,threat,en,augment_template_v2,synthetic_llm
"If you come near me again, i can and will stomp you",threat,en,augment_template_v2,synthetic_llm
we will break you if you ignore this message — and i mean every word,threat,en,augment_template_v2,synthetic_llm
my people guarantee i will slam you if you ignore this message — i promise you that,threat,en,augment_template_v2,synthetic_llm
the day you see me offline is the day you realize i wasn't playing,threat,en,augment_teen_slang,synthetic_llm
"If you show your face here again, i am going to expose you — i promise you that",threat,en,augment_template_v2,synthetic_llm
"If you don't pay me back by tonight, we am going to expose you — you will see",threat,en,augment_template_v2,synthetic_llm
my crew swear i'll track you down you if you don't call me right now — this is not a joke,threat,en,augment_template_v2,synthetic_llm
"If you don't pay me back by 24 hours, my people can and will find you you — i promise you that",threat,en,augment_template_v2,synthetic_llm
my people can and will find you you if you don't take that down — and i mean every word,threat,en,augment_template_v2,synthetic_llm
my crew swear i'll find you you if you ever do that again — i am dead serious,threat,en,augment_template_v2,synthetic_llm
"If you ever do that again, my people promise i'm going to beat you — i am dead serious",threat,en,augment_template_v2,synthetic_llm
my crew promise i'm going to come find you you if you don't pay me back by 5 minutes — you will see,threat,en,augment_template_v2,synthetic_llm
my people swear i'll come find you you — don't test me,threat,en,augment_template_v2,synthetic_llm
you should start saying your goodbyes because i'm coming,threat,en,augment_direct,synthetic_llm
my crew won't hesitate to come for you you if you ignore this message — consider yourself warned,threat,en,augment_template_v2,synthetic_llm
we can and will burn down you if you don't call me right now,threat,en,augment_template_v2,synthetic_llm
my crew promise i'm going to embarrass you — don't test me,threat,en,augment_template_v2,synthetic_llm
we promise i'm going to wreck you if you don't take that down — i am dead serious,threat,en,augment_template_v2,synthetic_llm
my crew guarantee i will ruin you — screenshot this,threat,en,augment_template_v2,synthetic_llm
we swear i'll strip away everything from you if you don't call me right now — consider yourself warned,threat,en,augment_template_v2,synthetic_llm
"If you come near me again, my crew am going to come for you you",threat,en,augment_template_v2,synthetic_llm
i am going to devastate you if you don't stop — this is not a joke,threat,en,augment_template_v2,synthetic_llm
my people won't hesitate to ruin you if you keep talking — this is not a joke,threat,en,augment_template_v2,synthetic_llm
i am going to tear apart you — and i mean every word,threat,en,augment_template_v2,synthetic_llm
"If you don't apologize publicly, i swear i'll dismantle you — don't test me",threat,en,augment_template_v2,synthetic_llm
we won't hesitate to embarrass you if you ignore this message — screenshot this,threat,en,augment_template_v2,synthetic_llm
my crew am going to drag you if you cross me one more time — and i mean every word,threat,en,augment_template_v2,synthetic_llm
my crew swear i'll stomp you if you ignore this message — this is not a joke,threat,en,augment_template_v2,synthetic_llm
we swear i'll track you down you if you ignore this message — and i mean every word,threat,en,augment_template_v2,synthetic_llm
i won't hesitate to hunt you down you if you come near me again — i promise you that,threat,en,augment_template_v2,synthetic_llm
be afraid of me — that's the right emotion to have right now,threat,en,augment_direct,synthetic_llm
we swear i'll strip away everything from you if you don't call me right now — don't test me,threat,en,augment_template_v2,synthetic_llm
"If you don't pay me back by an hour, my crew swear i'll choke you — i am dead serious",threat,en,augment_template_v2,synthetic_llm
"If you ever do that again, my people will devastate you — i am dead serious",threat,en,augment_template_v2,synthetic_llm
we won't hesitate to locate you you — and i mean every word,threat,en,augment_template_v2,synthetic_llm
we will pound you — this is not a joke,threat,en,augment_template_v2,synthetic_llm
"If you ever do that again, my crew am going to find you you — i am dead serious",threat,en,augment_template_v2,synthetic_llm
my crew am going to put in the hospital you — you've been told,threat,en,augment_template_v2,synthetic_llm
we am going to come find you you — and i mean every word,threat,en,augment_template_v2,synthetic_llm
my people swear i'll wreck you — don't test me,threat,en,augment_template_v2,synthetic_llm
"If you keep running your mouth, we won't hesitate to come for you you — you've been told",threat,en,augment_template_v2,synthetic_llm
"If you don't fix this, i swear i'll slam you — screenshot this",threat,en,augment_template_v2,synthetic_llm
my people swear i'll wreck you if you don't stop,threat,en,augment_template_v2,synthetic_llm
we promise i'm going to end you if you ever do that again — don't test me,threat,en,augment_template_v2,synthetic_llm
my people swear i'll come for you you — consider yourself warned,threat,en,augment_template_v2,synthetic_llm
"If you don't apologize publicly, my crew promise i'm going to humiliate you — you will see",threat,en,augment_template_v2,synthetic_llm
"If you keep talking, we can and will embarrass you — consider yourself warned",threat,en,augment_template_v2,synthetic_llm
my people will find you you — you will see,threat,en,augment_template_v2,synthetic_llm
"If you keep talking, my people swear i'll put in the hospital you — screenshot this",threat,en,augment_template_v2,synthetic_llm
i won't hesitate to ruin you if you don't stop — i am dead serious,threat,en,augment_template_v2,synthetic_llm
you will spend the rest of your days regretting the day you chose to do this,threat,en,augment_direct,synthetic_llm
"If you keep talking, i guarantee i will find you you — and i mean every word",threat,en,augment_template_v2,synthetic_llm
we will pound you if you come near me again — you've been told,threat,en,augment_template_v2,synthetic_llm
"If you keep this up, my people am going to come find you you — this is not a joke",threat,en,augment_template_v2,synthetic_llm
my crew will come find you you if you don't apologize publicly,threat,en,augment_template_v2,synthetic_llm
my crew am going to annihilate you if you don't fix this — you will see,threat,en,augment_template_v2,synthetic_llm
my people won't hesitate to come find you you — you've been told,threat,en,augment_template_v2,synthetic_llm
my crew promise i'm going to bury you if you keep talking — mark my words,threat,en,augment_template_v2,synthetic_llm
my people guarantee i will hunt you down you — you've been told,threat,en,augment_template_v2,synthetic_llm
my crew will devastate you — don't test me,threat,en,augment_template_v2,synthetic_llm
we will locate you you if you don't call me right now — mark my words,threat,en,augment_template_v2,synthetic_llm
my crew promise i'm going to locate you you — this is not a joke,threat,en,augment_template_v2,synthetic_llm
my people won't hesitate to humiliate you — mark my words,threat,en,augment_template_v2,synthetic_llm
we swear i'll pound you if you ever do that again — mark my words,threat,en,augment_template_v2,synthetic_llm
i promise i'm going to come for you you if you cross me one more time — screenshot this,threat,en,augment_template_v2,synthetic_llm
my people swear i'll drag you — screenshot this,threat,en,augment_template_v2,synthetic_llm
"If you don't take that down, my crew guarantee i will pound you",threat,en,augment_template_v2,synthetic_llm
"If you don't apologize publicly, my people can and will strangle you — don't test me",threat,en,augment_template_v2,synthetic_llm
my people can and will hunt you down you if you ever do that again — you've been told,threat,en,augment_template_v2,synthetic_llm
"If you keep running your mouth, my crew guarantee i will obliterate you — mark my words",threat,en,augment_template_v2,synthetic_llm
we won't hesitate to come find you you — i am dead serious,threat,en,augment_template_v2,synthetic_llm
"If you come near me again, my crew swear i'll break you — don't test me",threat,en,augment_template_v2,synthetic_llm
we will find you you — mark my words,threat,en,augment_template_v2,synthetic_llm
my crew won't hesitate to locate you you — you've been told,threat,en,augment_template_v2,synthetic_llm
my crew swear i'll strip away everything from you — i am dead serious,threat,en,augment_template_v2,synthetic_llm
"If you don't apologize publicly, i swear i'll track you down you — i am dead serious",threat,en,augment_template_v2,synthetic_llm
we guarantee i will obliterate you if you don't leave her alone — i am dead serious,threat,en,augment_template_v2,synthetic_llm
"If you come near me again, i will lay out you — you will see",threat,en,augment_template_v2,synthetic_llm
we won't hesitate to obliterate you — consider yourself warned,threat,en,augment_template_v2,synthetic_llm
my crew will tear apart you if you show your face here again — i promise you that,threat,en,augment_template_v2,synthetic_llm
my crew swear i'll strangle you if you don't take that down — i promise you that,threat,en,augment_template_v2,synthetic_llm
my people can and will track you down you if you don't fix this — and i mean every word,threat,en,augment_template_v2,synthetic_llm
my crew promise i'm going to hunt you down you — this is not a joke,threat,en,augment_template_v2,synthetic_llm
my people swear i'll track you down you if you don't fix this — you've been told,threat,en,augment_template_v2,synthetic_llm
my crew promise i'm going to strip away everything from you — mark my words,threat,en,augment_template_v2,synthetic_llm
we am going to crack your skull you if you keep this up — this is not a joke,threat,en,augment_template_v2,synthetic_llm
my crew will crack your skull you if you don't stop — i promise you that,threat,en,augment_template_v2,synthetic_llm
my people guarantee i will locate you you if you don't call me right now — mark my words,threat,en,augment_template_v2,synthetic_llm
my people will choke you — don't test me,threat,en,augment_template_v2,synthetic_llm
my crew can and will lay out you if you don't apologize publicly,threat,en,augment_template_v2,synthetic_llm
we won't hesitate to humiliate you — i promise you that,threat,en,augment_template_v2,synthetic_llm
i won't hesitate to annihilate you — and i mean every word,threat,en,augment_template_v2,synthetic_llm
my crew won't hesitate to locate you you if you ever do that again — i am dead serious,threat,en,augment_template_v2,synthetic_llm
we promise i'm going to pound you if you keep this up — this is not a joke,threat,en,augment_template_v2,synthetic_llm
i promise i'm going to strangle you if you don't pay me back by tonight — you've been told,threat,en,augment_template_v2,synthetic_llm
my people promise i'm going to hurt you if you don't pay me back by 5 minutes — this is not a joke,threat,en,augment_template_v2,synthetic_llm
my people guarantee i will come find you you — and i mean every word,threat,en,augment_template_v2,synthetic_llm
my people am going to snap you — mark my words,threat,en,augment_template_v2,synthetic_llm
my crew promise i'm going to choke you — consider yourself warned,threat,en,augment_template_v2,synthetic_llm
we guarantee i will find you you if you ever do that again — this is not a joke,threat,en,augment_template_v2,synthetic_llm
"If you don't fix this, my crew swear i'll devastate you — mark my words",threat,en,augment_template_v2,synthetic_llm
my crew promise i'm going to hunt you down you if you don't call me right now,threat,en,augment_template_v2,synthetic_llm
we can and will track you down you if you ever do that again — screenshot this,threat,en,augment_template_v2,synthetic_llm
"If you ignore this message, my crew promise i'm going to come find you you",threat,en,augment_template_v2,synthetic_llm
my crew can and will snap you if you don't pay me back by tonight — consider yourself warned,threat,en,augment_template_v2,synthetic_llm
i will come find you you if you cross me one more time — i am dead serious,threat,en,augment_template_v2,synthetic_llm
"If you don't take that down, we am going to wreck you — and i mean every word",threat,en,augment_template_v2,synthetic_llm
"If you don't stop, we guarantee i will drag you — i am dead serious",threat,en,augment_template_v2,synthetic_llm
my people promise i'm going to choke you if you come near me again — screenshot this,threat,en,augment_template_v2,synthetic_llm
"If you don't apologize publicly, my crew promise i'm going to crack your skull you — i promise you that",threat,en,augment_template_v2,synthetic_llm
"If you ever do that again, my crew will finish you — you've been told",threat,en,augment_template_v2,synthetic_llm
"If you ever do that again, my people swear i'll knock out you — screenshot this",threat,en,augment_template_v2,synthetic_llm
i can and will obliterate you — you will see,threat,en,augment_template_v2,synthetic_llm
"If you keep running your mouth, my crew won't hesitate to come for you you — mark my words",threat,en,augment_template_v2,synthetic_llm
my crew guarantee i will burn down you if you don't take that down — don't test me,threat,en,augment_template_v2,synthetic_llm
my crew will destroy you if you ignore this message — consider yourself warned,threat,en,augment_template_v2,synthetic_llm
my crew will strip away everything from you if you don't fix this — you've been told,threat,en,augment_template_v2,synthetic_llm
my people guarantee i will end you — i promise you that,threat,en,augment_template_v2,synthetic_llm
my crew swear i'll finish you if you don't apologize publicly — this is not a joke,threat,en,augment_template_v2,synthetic_llm
i can and will pound you if you ignore this message — i promise you that,threat,en,augment_template_v2,synthetic_llm
"If you keep this up, my crew promise i'm going to obliterate you — and i mean every word",threat,en,augment_template_v2,synthetic_llm
my people can and will come find you you,threat,en,augment_template_v2,synthetic_llm
my people swear i'll track you down you if you keep this up — and i mean every word,threat,en,augment_template_v2,synthetic_llm
my people won't hesitate to track you down you — i am dead serious,threat,en,augment_template_v2,synthetic_llm
my crew guarantee i will burn down you — consider yourself warned,threat,en,augment_template_v2,synthetic_llm
"If you ignore this message, my people can and will find you you — i am dead serious",threat,en,augment_template_v2,synthetic_llm
we am going to destroy you if you don't leave her alone — this is not a joke,threat,en,augment_template_v2,synthetic_llm
we can and will find you you — you've been told,threat,en,augment_template_v2,synthetic_llm
"If you don't stop, i won't hesitate to burn down you — consider yourself warned",threat,en,augment_template_v2,synthetic_llm
we guarantee i will humiliate you — you've been told,threat,en,augment_template_v2,synthetic_llm
i won't hesitate to demolish you — mark my words,threat,en,augment_template_v2,synthetic_llm
my crew guarantee i will erase you — don't test me,threat,en,augment_template_v2,synthetic_llm
my people promise i'm going to burn down you — i am dead serious,threat,en,augment_template_v2,synthetic_llm
we am going to stomp you if you don't leave her alone — and i mean every word,threat,en,augment_template_v2,synthetic_llm
my crew won't hesitate to strangle you — you will see,threat,en,augment_template_v2,synthetic_llm
i can and will strangle you if you keep talking — screenshot this,threat,en,augment_template_v2,synthetic_llm
"If you keep running your mouth, my crew promise i'm going to ruin you — mark my words",threat,en,augment_template_v2,synthetic_llm
my crew am going to locate you you — consider yourself warned,threat,en,augment_template_v2,synthetic_llm
"If you ignore this message, my crew swear i'll strip away everything from you — i am dead serious",threat,en,augment_template_v2,synthetic_llm
i swear i'll devastate you,threat,en,augment_template_v2,synthetic_llm
"If you keep this up, we guarantee i will hunt you down you — and i mean every word",threat,en,augment_template_v2,synthetic_llm
we swear i'll ruin you — i am dead serious,threat,en,augment_template_v2,synthetic_llm
my people can and will finish you — screenshot this,threat,en,augment_template_v2,synthetic_llm
we can and will bury you — and i mean every word,threat,en,augment_template_v2,synthetic_llm
my people guarantee i will drag you if you come near me again,threat,en,augment_template_v2,synthetic_llm
we can and will burn down you — screenshot this,threat,en,augment_template_v2,synthetic_llm
my crew swear i'll choke you — i promise you that,threat,en,augment_template_v2,synthetic_llm
my crew promise i'm going to destroy you — you will see,threat,en,augment_template_v2,synthetic_llm
we promise i'm going to locate you you — and i mean every word,threat,en,augment_template_v2,synthetic_llm
"If you show your face here again, my people promise i'm going to ruin you — don't test me",threat,en,augment_template_v2,synthetic_llm
i promise i'm going to locate you you — and i mean every word,threat,en,augment_template_v2,synthetic_llm
i can be very creative when i'm motivated and you've motivated me,threat,en,augment_indirect,synthetic_llm
"If you don't call me right now, my people guarantee i will obliterate you — don't test me",threat,en,augment_template_v2,synthetic_llm
"If you don't leave her alone, i am going to snap you — i am dead serious",threat,en,augment_template_v2,synthetic_llm
my people won't hesitate to choke you — and i mean every word,threat,en,augment_template_v2,synthetic_llm
my crew promise i'm going to come for you you — and i mean every word,threat,en,augment_template_v2,synthetic_llm
we can and will come for you you if you cross me one more time — you've been told,threat,en,augment_template_v2,synthetic_llm
"If you keep running your mouth, my people will obliterate you — you've been told",threat,en,augment_template_v2,synthetic_llm
"If you keep talking, my people can and will knock out you — i promise you that",threat,en,augment_template_v2,synthetic_llm
my crew won't hesitate to come for you you if you come near me again — this is not a joke,threat,en,augment_template_v2,synthetic_llm
"If you keep running your mouth, i can and will hurt you — you've been told",threat,en,augment_template_v2,synthetic_llm
"If you don't call me right now, my crew guarantee i will slam you — you've been told",threat,en,augment_template_v2,synthetic_llm
"If you keep this up, my people will slam you — this is not a joke",threat,en,augment_template_v2,synthetic_llm
my crew am going to hunt you down you — i promise you that,threat,en,augment_template_v2,synthetic_llm
we am going to come find you you — screenshot this,threat,en,augment_template_v2,synthetic_llm
my people won't hesitate to demolish you — you will see,threat,en,augment_template_v2,synthetic_llm
my people can and will tear apart you if you show your face here again — this is not a joke,threat,en,augment_template_v2,synthetic_llm
my crew will pound you — and i mean every word,threat,en,augment_template_v2,synthetic_llm
i guarantee i will wreck you — don't test me,threat,en,augment_template_v2,synthetic_llm
we won't hesitate to beat you if you show your face here again — screenshot this,threat,en,augment_template_v2,synthetic_llm
i am going to break you — screenshot this,threat,en,augment_template_v2,synthetic_llm
i promise i'm going to stomp you,threat,en,augment_template_v2,synthetic_llm
my crew can and will beat you if you don't take that down — this is not a joke,threat,en,augment_template_v2,synthetic_llm
we guarantee i will stomp you — you will see,threat,en,augment_template_v2,synthetic_llm
"If you don't fix this, i can and will pound you — this is not a joke",threat,en,augment_template_v2,synthetic_llm
my people will bury you if you keep this up — consider yourself warned,threat,en,augment_template_v2,synthetic_llm
my crew can and will find you you — this is not a joke,threat,en,augment_template_v2,synthetic_llm
my people can and will end you if you don't call me right now — i promise you that,threat,en,augment_template_v2,synthetic_llm
my crew won't hesitate to strip away everything from you if you ignore this message — screenshot this,threat,en,augment_template_v2,synthetic_llm
my people guarantee i will choke you — you will see,threat,en,augment_template_v2,synthetic_llm
i guarantee i will put down you — you will see,threat,en,augment_template_v2,synthetic_llm
my crew won't hesitate to come for you you,threat,en,augment_template_v2,synthetic_llm
"If you keep talking, my crew won't hesitate to humiliate you — you've been told",threat,en,augment_template_v2,synthetic_llm
my crew can and will wreck you if you come near me again — i promise you that,threat,en,augment_template_v2,synthetic_llm
"If you don't take that down, we am going to find you you — i promise you that",threat,en,augment_template_v2,synthetic_llm
my people swear i'll wreck you — i am dead serious,threat,en,augment_template_v2,synthetic_llm
"If you ignore this message, my people guarantee i will humiliate you — i promise you that",threat,en,augment_template_v2,synthetic_llm
we won't hesitate to beat you if you don't take that down — you will see,threat,en,augment_template_v2,synthetic_llm
"If you ever do that again, we won't hesitate to annihilate you — don't test me",threat,en,augment_template_v2,synthetic_llm
my crew won't hesitate to find you you — you will see,threat,en,augment_template_v2,synthetic_llm
i promise i'm going to embarrass you if you ever do that again — i promise you that,threat,en,augment_template_v2,synthetic_llm
we am going to strip away everything from you — consider yourself warned,threat,en,augment_template_v2,synthetic_llm
my crew won't hesitate to pound you if you show your face here again,threat,en,augment_template_v2,synthetic_llm
i can and will erase you if you come near me again — you've been told,threat,en,augment_template_v2,synthetic_llm
i guarantee i will locate you you if you keep talking — don't test me,threat,en,augment_template_v2,synthetic_llm
my people won't hesitate to beat you — i am dead serious,threat,en,augment_template_v2,synthetic_llm
my people swear i'll come find you you — you've been told,threat,en,augment_template_v2,synthetic_llm
my crew am going to expose you — and i mean every word,threat,en,augment_template_v2,synthetic_llm
i will knock out you — this is not a joke,threat,en,augment_template_v2,synthetic_llm
"If you ignore this message, we guarantee i will embarrass you — you've been told",threat,en,augment_template_v2,synthetic_llm
"If you don't fix this, we won't hesitate to annihilate you — i am dead serious",threat,en,augment_template_v2,synthetic_llm
my people can and will demolish you — don't test me,threat,en,augment_template_v2,synthetic_llm
my people can and will find you you — i am dead serious,threat,en,augment_template_v2,synthetic_llm
my crew swear i'll locate you you if you keep running your mouth — i am dead serious,threat,en,augment_template_v2,synthetic_llm
"If you don't fix this, we can and will embarrass you — and i mean every word",threat,en,augment_template_v2,synthetic_llm
my people won't hesitate to track you down you — mark my words,threat,en,augment_template_v2,synthetic_llm
we can and will break you if you show your face here again — i am dead serious,threat,en,augment_template_v2,synthetic_llm
we swear i'll track you down you — this is not a joke,threat,en,augment_template_v2,synthetic_llm
i won't hesitate to knock out you — i promise you that,threat,en,augment_template_v2,synthetic_llm
"If you come near me again, my people guarantee i will wreck you — i promise you that",threat,en,augment_template_v2,synthetic_llm
i can and will ruin you — you will see,threat,en,augment_template_v2,synthetic_llm
i will ruin you — mark my words,threat,en,augment_template_v2,synthetic_llm
"If you don't take that down, we will find you you — consider yourself warned",threat,en,augment_template_v2,synthetic_llm
"If you keep this up, my crew will humiliate you — mark my words",threat,en,augment_template_v2,synthetic_llm
i won't hesitate to strip away everything from you if you don't leave her alone — screenshot this,threat,en,augment_template_v2,synthetic_llm
my crew am going to obliterate you — and i mean every word,threat,en,augment_template_v2,synthetic_llm
we guarantee i will find you you — you will see,threat,en,augment_template_v2,synthetic_llm
my people swear i'll drag you — consider yourself warned,threat,en,augment_template_v2,synthetic_llm
my crew will beat you if you show your face here again — don't test me,threat,en,augment_template_v2,synthetic_llm
"If you don't fix this, i promise i'm going to break you — don't test me",threat,en,augment_template_v2,synthetic_llm
we won't hesitate to dismantle you if you ignore this message — this is not a joke,threat,en,augment_template_v2,synthetic_llm
we won't hesitate to drag you if you show your face here again — this is not a joke,threat,en,augment_template_v2,synthetic_llm
we am going to annihilate you if you don't take that down — this is not a joke,threat,en,augment_template_v2,synthetic_llm
"If you cross me one more time, i guarantee i will end you",threat,en,augment_template_v2,synthetic_llm
my people can and will annihilate you — and i mean every word,threat,en,augment_template_v2,synthetic_llm
my people won't hesitate to find you you — screenshot this,threat,en,augment_template_v2,synthetic_llm
i am going to strip away everything from you,threat,en,augment_template_v2,synthetic_llm
my people guarantee i will burn down you if you cross me one more time — this is not a joke,threat,en,augment_template_v2,synthetic_llm
my people guarantee i will annihilate you,threat,en,augment_template_v2,synthetic_llm
we promise i'm going to embarrass you if you show your face here again — i promise you that,threat,en,augment_template_v2,synthetic_llm
my people promise i'm going to pound you if you ever do that again — i promise you that,threat,en,augment_template_v2,synthetic_llm
we guarantee i will come for you you — mark my words,threat,en,augment_template_v2,synthetic_llm
we guarantee i will destroy you if you keep talking — screenshot this,threat,en,augment_template_v2,synthetic_llm
"If you don't call me right now, my crew can and will put down you — consider yourself warned",threat,en,augment_template_v2,synthetic_llm
"If you don't apologize publicly, my people guarantee i will hunt you down you — consider yourself warned",threat,en,augment_template_v2,synthetic_llm
my crew can and will put down you — mark my words,threat,en,augment_template_v2,synthetic_llm
"If you don't stop, i am going to come find you you — i am dead serious",threat,en,augment_template_v2,synthetic_llm
i will come for you you if you cross me one more time — consider yourself warned,threat,en,augment_template_v2,synthetic_llm
my crew am going to locate you you if you don't pay me back by 24 hours — i promise you that,threat,en,augment_template_v2,synthetic_llm
"If you keep this up, my crew promise i'm going to hunt you down you",threat,en,augment_template_v2,synthetic_llm
"If you cross me one more time, i am going to end you",threat,en,augment_template_v2,synthetic_llm
my crew will destroy you — and i mean every word,threat,en,augment_template_v2,synthetic_llm
my people promise i'm going to hunt you down you — consider yourself warned,threat,en,augment_template_v2,synthetic_llm
"If you don't stop, my people swear i'll devastate you — i am dead serious",threat,en,augment_template_v2,synthetic_llm
we guarantee i will finish you if you don't stop — and i mean every word,threat,en,augment_template_v2,synthetic_llm
i will destroy you — i promise you that,threat,en,augment_template_v2,synthetic_llm
we am going to devastate you if you keep running your mouth,threat,en,augment_template_v2,synthetic_llm
my people promise i'm going to track you down you if you don't leave her alone — and i mean every word,threat,en,augment_template_v2,synthetic_llm
my crew am going to come for you you,threat,en,augment_template_v2,synthetic_llm
my crew promise i'm going to find you you if you don't stop — consider yourself warned,threat,en,augment_template_v2,synthetic_llm
my crew will ruin you — don't test me,threat,en,augment_template_v2,synthetic_llm
i will hunt you down you if you come near me again — this is not a joke,threat,en,augment_template_v2,synthetic_llm
my crew promise i'm going to choke you — mark my words,threat,en,augment_template_v2,synthetic_llm
"If you don't fix this, i won't hesitate to wreck you — i am dead serious",threat,en,augment_template_v2,synthetic_llm
my crew won't hesitate to dismantle you if you don't call me right now,threat,en,augment_template_v2,synthetic_llm
my people can and will wreck you — this is not a joke,threat,en,augment_template_v2,synthetic_llm
i swear i'll ruin you — don't test me,threat,en,augment_template_v2,synthetic_llm
we won't hesitate to find you you if you don't stop — you will see,threat,en,augment_template_v2,synthetic_llm
we can and will find you you — mark my words,threat,en,augment_template_v2,synthetic_llm
"If you keep this up, my crew promise i'm going to hunt you down you — you will see",threat,en,augment_template_v2,synthetic_llm
we guarantee i will annihilate you — you will see,threat,en,augment_template_v2,synthetic_llm
my people can and will track you down you — screenshot this,threat,en,augment_template_v2,synthetic_llm
my people guarantee i will slam you — i promise you that,threat,en,augment_template_v2,synthetic_llm
i won't hesitate to destroy you — you will see,threat,en,augment_template_v2,synthetic_llm
"If you ever do that again, my crew will ruin you — don't test me",threat,en,augment_template_v2,synthetic_llm
"If you come near me again, my crew swear i'll track you down you — and i mean every word",threat,en,augment_template_v2,synthetic_llm
my people guarantee i will wreck you — consider yourself warned,threat,en,augment_template_v2,synthetic_llm
i swear i'll burn down you if you keep talking — i promise you that,threat,en,augment_template_v2,synthetic_llm
my crew am going to track you down you — you've been told,threat,en,augment_template_v2,synthetic_llm
my crew am going to track you down you if you keep talking — don't test me,threat,en,augment_template_v2,synthetic_llm
my crew promise i'm going to come find you you if you don't leave her alone — mark my words,threat,en,augment_template_v2,synthetic_llm
"If you don't call me right now, my crew can and will hurt you — don't test me",threat,en,augment_template_v2,synthetic_llm
my crew guarantee i will track you down you — i am dead serious,threat,en,augment_template_v2,synthetic_llm
i guarantee i will track you down you if you don't leave her alone — and i mean every word,threat,en,augment_template_v2,synthetic_llm
we am going to hunt you down you — you will see,threat,en,augment_template_v2,synthetic_llm
i am going to burn down you — you will see,threat,en,augment_template_v2,synthetic_llm
my people will come find you you — i promise you that,threat,en,augment_template_v2,synthetic_llm
i'll never let you be happy with someone else — i'll make sure of it,threat,en,augment_relationship,synthetic_llm
we promise i'm going to come for you you — don't test me,threat,en,augment_template_v2,synthetic_llm
my people am going to break you if you don't fix this — screenshot this,threat,en,augment_template_v2,synthetic_llm
my crew will snap you if you don't fix this — screenshot this,threat,en,augment_template_v2,synthetic_llm
i can and will come for you you if you keep this up — consider yourself warned,threat,en,augment_template_v2,synthetic_llm
i promise i'm going to hunt you down you if you keep talking — screenshot this,threat,en,augment_template_v2,synthetic_llm
we swear i'll wreck you — i am dead serious,threat,en,augment_template_v2,synthetic_llm
we guarantee i will crack your skull you — you will see,threat,en,augment_template_v2,synthetic_llm
"If you cross me one more time, i can and will destroy you — don't test me",threat,en,augment_template_v2,synthetic_llm
"If you keep running your mouth, we swear i'll find you you — and i mean every word",threat,en,augment_template_v2,synthetic_llm
i will put in the hospital you if you don't leave her alone — i promise you that,threat,en,augment_template_v2,synthetic_llm
my people promise i'm going to obliterate you — screenshot this,threat,en,augment_template_v2,synthetic_llm
"If you don't apologize publicly, my crew can and will break you — this is not a joke",threat,en,augment_template_v2,synthetic_llm
i promise i'm going to find you you — this is not a joke,threat,en,augment_template_v2,synthetic_llm
"If you ignore this message, my crew can and will track you down you — you've been told",threat,en,augment_template_v2,synthetic_llm
we promise i'm going to hunt you down you — consider yourself warned,threat,en,augment_template_v2,synthetic_llm
"If you don't leave her alone, i swear i'll obliterate you — and i mean every word",threat,en,augment_template_v2,synthetic_llm
i swear i'll hurt you — mark my words,threat,en,augment_template_v2,synthetic_llm
we won't hesitate to finish you if you ever do that again — consider yourself warned,threat,en,augment_template_v2,synthetic_llm
"If you keep talking, i am going to obliterate you — i am dead serious",threat,en,augment_template_v2,synthetic_llm
"If you don't apologize publicly, my crew am going to bury you — consider yourself warned",threat,en,augment_template_v2,synthetic_llm
we guarantee i will annihilate you if you don't apologize publicly — and i mean every word,threat,en,augment_template_v2,synthetic_llm
we swear i'll destroy you if you don't leave her alone — and i mean every word,threat,en,augment_template_v2,synthetic_llm
i will make the next chapter of your life extraordinarily difficult,threat,en,augment_direct,synthetic_llm
my crew am going to find you you if you ignore this message — screenshot this,threat,en,augment_template_v2,synthetic_llm
my crew can and will come for you you if you ever do that again — you will see,threat,en,augment_template_v2,synthetic_llm
we won't hesitate to find you you if you come near me again — you will see,threat,en,augment_template_v2,synthetic_llm
i swear i'll wreck you if you keep talking — don't test me,threat,en,augment_template_v2,synthetic_llm
my people will hunt you down you,threat,en,augment_template_v2,synthetic_llm
my people can and will come find you you — mark my words,threat,en,augment_template_v2,synthetic_llm
we won't hesitate to devastate you if you keep talking — i am dead serious,threat,en,augment_template_v2,synthetic_llm
my people promise i'm going to hunt you down you — don't test me,threat,en,augment_template_v2,synthetic_llm
"If you cross me one more time, we swear i'll strip away everything from you — i am dead serious",threat,en,augment_template_v2,synthetic_llm
we won't hesitate to track you down you — and i mean every word,threat,en,augment_template_v2,synthetic_llm
i promise i'm going to track you down you if you don't call me right now — i promise you that,threat,en,augment_template_v2,synthetic_llm
"If you don't apologize publicly, my people won't hesitate to end you",threat,en,augment_template_v2,synthetic_llm
"If you don't call me right now, i guarantee i will burn down you — mark my words",threat,en,augment_template_v2,synthetic_llm
i promise i'm going to slam you — you will see,threat,en,augment_template_v2,synthetic_llm
i won't hesitate to track you down you if you don't apologize publicly — screenshot this,threat,en,augment_template_v2,synthetic_llm
my crew will choke you — consider yourself warned,threat,en,augment_template_v2,synthetic_llm
my crew am going to hurt you — mark my words,threat,en,augment_template_v2,synthetic_llm
"If you don't take that down, my people am going to wreck you — don't test me",threat,en,augment_template_v2,synthetic_llm
my people swear i'll slam you — don't test me,threat,en,augment_template_v2,synthetic_llm
my crew guarantee i will choke you — mark my words,threat,en,augment_template_v2,synthetic_llm
i swear i'll track you down you — this is not a joke,threat,en,augment_template_v2,synthetic_llm
i guarantee i will find you you if you come near me again — i promise you that,threat,en,augment_template_v2,synthetic_llm
we swear i'll dismantle you — you've been told,threat,en,augment_template_v2,synthetic_llm
we guarantee i will hurt you if you ever do that again — you will see,threat,en,augment_template_v2,synthetic_llm
my people guarantee i will find you you,threat,en,augment_template_v2,synthetic_llm
my crew will dismantle you if you ever do that again — i promise you that,threat,en,augment_template_v2,synthetic_llm
you don't get a happy ending after what you did to me,threat,en,augment_relationship,synthetic_llm
my people promise i'm going to strip away everything from you — you will see,threat,en,augment_template_v2,synthetic_llm
we can and will devastate you if you keep this up — screenshot this,threat,en,augment_template_v2,synthetic_llm
"If you come near me again, my people guarantee i will find you you — consider yourself warned",threat,en,augment_template_v2,synthetic_llm
"If you show your face here again, we can and will dismantle you — this is not a joke",threat,en,augment_template_v2,synthetic_llm
my people won't hesitate to devastate you if you keep talking — you will see,threat,en,augment_template_v2,synthetic_llm
we swear i'll find you you if you keep talking — you will see,threat,en,augment_template_v2,synthetic_llm
my crew am going to demolish you if you don't leave her alone — you've been told,threat,en,augment_template_v2,synthetic_llm
"If you don't apologize publicly, my crew am going to tear apart you — i promise you that",threat,en,augment_template_v2,synthetic_llm
my people won't hesitate to expose you if you don't take that down — mark my words,threat,en,augment_template_v2,synthetic_llm
"If you ignore this message, my people can and will bury you — you will see",threat,en,augment_template_v2,synthetic_llm
my people will erase you — you will see,threat,en,augment_template_v2,synthetic_llm
"If you don't stop, my crew swear i'll dismantle you — don't test me",threat,en,augment_template_v2,synthetic_llm
i will choke you — i promise you that,threat,en,augment_template_v2,synthetic_llm
my people will expose you — mark my words,threat,en,augment_template_v2,synthetic_llm
we won't hesitate to strangle you if you cross me one more time — you've been told,threat,en,augment_template_v2,synthetic_llm
my crew can and will hunt you down you — you will see,threat,en,augment_template_v2,synthetic_llm
"If you keep this up, my crew guarantee i will locate you you — don't test me",threat,en,augment_template_v2,synthetic_llm
i promise i'm going to burn down you if you don't call me right now — you will see,threat,en,augment_template_v2,synthetic_llm
some things are irreversible — i'm about to make several of those things happen,threat,en,augment_indirect,synthetic_llm
my crew won't hesitate to ruin you — you will see,threat,en,augment_template_v2,synthetic_llm
"If you don't fix this, my people am going to come find you you — i am dead serious",threat,en,augment_template_v2,synthetic_llm
"If you show your face here again, i can and will finish you — and i mean every word",threat,en,augment_template_v2,synthetic_llm
we swear i'll find you you if you cross me one more time — screenshot this,threat,en,augment_template_v2,synthetic_llm
i will wreck you if you don't pay me back by an hour — i am dead serious,threat,en,augment_template_v2,synthetic_llm
my people swear i'll humiliate you — this is not a joke,threat,en,augment_template_v2,synthetic_llm
my crew can and will come for you you — and i mean every word,threat,en,augment_template_v2,synthetic_llm
"If you don't leave her alone, i swear i'll destroy you — and i mean every word",threat,en,augment_template_v2,synthetic_llm
my crew will locate you you — screenshot this,threat,en,augment_template_v2,synthetic_llm
i swear i'll demolish you if you don't leave her alone — you've been told,threat,en,augment_template_v2,synthetic_llm
i can and will beat you if you show your face here again — you will see,threat,en,augment_template_v2,synthetic_llm
my people swear i'll lay out you if you ever do that again — mark my words,threat,en,augment_template_v2,synthetic_llm
i am going to find you you — mark my words,threat,en,augment_template_v2,synthetic_llm
we guarantee i will come find you you — i am dead serious,threat,en,augment_template_v2,synthetic_llm
"If you don't take that down, my people swear i'll snap you — you will see",threat,en,augment_template_v2,synthetic_llm
my people am going to strip away everything from you if you keep running your mouth — and i mean every word,threat,en,augment_template_v2,synthetic_llm
i won't hesitate to strip away everything from you if you don't call me right now,threat,en,augment_template_v2,synthetic_llm
my crew won't hesitate to bury you if you cross me one more time — i promise you that,threat,en,augment_template_v2,synthetic_llm
my people will put in the hospital you — mark my words,threat,en,augment_template_v2,synthetic_llm
my people guarantee i will find you you if you ever do that again,threat,en,augment_template_v2,synthetic_llm
my people will track you down you — mark my words,threat,en,augment_template_v2,synthetic_llm
my people can and will annihilate you if you don't stop — and i mean every word,threat,en,augment_template_v2,synthetic_llm
my people swear i'll track you down you if you ignore this message — this is not a joke,threat,en,augment_template_v2,synthetic_llm
we promise i'm going to burn down you — mark my words,threat,en,augment_template_v2,synthetic_llm
"If you don't stop, i am going to knock out you — you've been told",threat,en,augment_template_v2,synthetic_llm
"If you keep running your mouth, my crew guarantee i will find you you — you've been told",threat,en,augment_template_v2,synthetic_llm
my crew will expose you — this is not a joke,threat,en,augment_template_v2,synthetic_llm
"If you don't apologize publicly, my people will hurt you — mark my words",threat,en,augment_template_v2,synthetic_llm
"If you ever do that again, my crew promise i'm going to obliterate you — you've been told",threat,en,augment_template_v2,synthetic_llm
i hope your support system is strong because you're going to need it,threat,en,augment_indirect,synthetic_llm
my crew can and will find you you — you will see,threat,en,augment_template_v2,synthetic_llm
"If you keep talking, my crew can and will find you you",threat,en,augment_template_v2,synthetic_llm
"If you don't take that down, we can and will track you down you",threat,en,augment_template_v2,synthetic_llm
"If you come near me again, i guarantee i will strip away everything from you",threat,en,augment_template_v2,synthetic_llm
"If you don't apologize publicly, i will ruin you",threat,en,augment_template_v2,synthetic_llm
"If you keep running your mouth, my people won't hesitate to come find you you — i am dead serious",threat,en,augment_template_v2,synthetic_llm
i can and will track you down you if you don't fix this — don't test me,threat,en,augment_template_v2,synthetic_llm
we won't hesitate to locate you you if you come near me again — i promise you that,threat,en,augment_template_v2,synthetic_llm
i promise i'm going to wreck you — consider yourself warned,threat,en,augment_template_v2,synthetic_llm
"If you don't apologize publicly, my crew promise i'm going to slam you — don't test me",threat,en,augment_template_v2,synthetic_llm
i guarantee i will track you down you if you show your face here again — screenshot this,threat,en,augment_template_v2,synthetic_llm
my people swear i'll destroy you — i promise you that,threat,en,augment_template_v2,synthetic_llm
i'm going to hold you accountable in the most painful way possible,threat,en,augment_direct,synthetic_llm
i promise i'm going to pound you,threat,en,augment_template_v2,synthetic_llm
i swear i'll wreck you if you keep running your mouth — you've been told,threat,en,augment_template_v2,synthetic_llm
my people will hunt you down you — this is not a joke,threat,en,augment_template_v2,synthetic_llm
i will come for you you if you keep running your mouth — consider yourself warned,threat,en,augment_template_v2,synthetic_llm
we won't hesitate to embarrass you if you don't apologize publicly,threat,en,augment_template_v2,synthetic_llm
"If you don't call me right now, i swear i'll destroy you — and i mean every word",threat,en,augment_template_v2,synthetic_llm
"If you ignore this message, we guarantee i will find you you — i am dead serious",threat,en,augment_template_v2,synthetic_llm
"If you don't leave her alone, we will crack your skull you — you've been told",threat,en,augment_template_v2,synthetic_llm
i guarantee i will destroy you if you ignore this message — screenshot this,threat,en,augment_template_v2,synthetic_llm
"If you keep talking, we will humiliate you",threat,en,augment_template_v2,synthetic_llm
"If you don't call me right now, my people swear i'll come for you you — consider yourself warned",threat,en,augment_template_v2,synthetic_llm
we am going to come for you you — this is not a joke,threat,en,augment_template_v2,synthetic_llm
you're operating like someone with no enemies — that ends today,threat,en,augment_direct,synthetic_llm
we guarantee i will slam you — screenshot this,threat,en,augment_template_v2,synthetic_llm
my crew am going to expose you — you will see,threat,en,augment_template_v2,synthetic_llm
"If you don't fix this, my crew guarantee i will hunt you down you — screenshot this",threat,en,augment_template_v2,synthetic_llm
we guarantee i will pound you if you don't apologize publicly,threat,en,augment_template_v2,synthetic_llm
we can and will come for you you if you don't fix this,threat,en,augment_template_v2,synthetic_llm
my crew guarantee i will choke you if you don't leave her alone — you will see,threat,en,augment_template_v2,synthetic_llm
my crew won't hesitate to track you down you if you don't take that down — you will see,threat,en,augment_template_v2,synthetic_llm
my crew guarantee i will ruin you if you don't apologize publicly — and i mean every word,threat,en,augment_template_v2,synthetic_llm
"If you don't fix this, we won't hesitate to track you down you",threat,en,augment_template_v2,synthetic_llm
the law won't protect you from what i have planned,threat,en,augment_direct,synthetic_llm
"If you ever do that again, my crew promise i'm going to burn down you",threat,en,augment_template_v2,synthetic_llm
"If you show your face here again, i won't hesitate to embarrass you — you've been told",threat,en,augment_template_v2,synthetic_llm
my people will humiliate you if you don't stop — you will see,threat,en,augment_template_v2,synthetic_llm
my crew can and will find you you — you've been told,threat,en,augment_template_v2,synthetic_llm
"If you don't stop, we can and will find you you — you've been told",threat,en,augment_template_v2,synthetic_llm
"If you don't pay me back by an hour, i will dismantle you",threat,en,augment_template_v2,synthetic_llm
my people promise i'm going to strangle you if you cross me one more time — this is not a joke,threat,en,augment_template_v2,synthetic_llm
my people can and will track you down you — this is not a joke,threat,en,augment_template_v2,synthetic_llm
i swear i'll end you — consider yourself warned,threat,en,augment_template_v2,synthetic_llm
"If you don't apologize publicly, we won't hesitate to drag you — i am dead serious",threat,en,augment_template_v2,synthetic_llm
my people can and will break you if you don't leave her alone — i promise you that,threat,en,augment_template_v2,synthetic_llm
we guarantee i will hunt you down you if you keep running your mouth — i am dead serious,threat,en,augment_template_v2,synthetic_llm
we promise i'm going to track you down you — you've been told,threat,en,augment_template_v2,synthetic_llm
"If you come near me again, my crew swear i'll expose you — you will see",threat,en,augment_template_v2,synthetic_llm
my crew swear i'll locate you you if you cross me one more time — i am dead serious,threat,en,augment_template_v2,synthetic_llm
"If you don't take that down, my crew promise i'm going to find you you — you've been told",threat,en,augment_template_v2,synthetic_llm
my people will strip away everything from you if you keep talking — i promise you that,threat,en,augment_template_v2,synthetic_llm
i swear i'll come find you you if you come near me again — i promise you that,threat,en,augment_template_v2,synthetic_llm
"If you don't take that down, my people swear i'll wreck you — and i mean every word",threat,en,augment_template_v2,synthetic_llm
"If you don't stop, my crew can and will break you — i am dead serious",threat,en,augment_template_v2,synthetic_llm
my crew won't hesitate to embarrass you if you don't call me right now — mark my words,threat,en,augment_template_v2,synthetic_llm
my people can and will locate you you if you cross me one more time — mark my words,threat,en,augment_template_v2,synthetic_llm
i am going to come find you you if you come near me again — consider yourself warned,threat,en,augment_template_v2,synthetic_llm
my crew guarantee i will strangle you — i am dead serious,threat,en,augment_template_v2,synthetic_llm
i won't hesitate to come for you you — i promise you that,threat,en,augment_template_v2,synthetic_llm
i will tear apart you if you don't take that down — i am dead serious,threat,en,augment_template_v2,synthetic_llm
my people can and will hunt you down you if you don't leave her alone — i am dead serious,threat,en,augment_template_v2,synthetic_llm
my crew guarantee i will expose you — i promise you that,threat,en,augment_template_v2,synthetic_llm
my people promise i'm going to annihilate you — i promise you that,threat,en,augment_template_v2,synthetic_llm
"If you don't leave her alone, my crew promise i'm going to find you you — you've been told",threat,en,augment_template_v2,synthetic_llm
we promise i'm going to devastate you — mark my words,threat,en,augment_template_v2,synthetic_llm
my crew am going to find you you if you ever do that again — i am dead serious,threat,en,augment_template_v2,synthetic_llm
"If you keep this up, my people can and will tear apart you — screenshot this",threat,en,augment_template_v2,synthetic_llm
"If you don't leave her alone, we can and will find you you — this is not a joke",threat,en,augment_template_v2,synthetic_llm
we won't hesitate to find you you if you don't pay me back by tonight — screenshot this,threat,en,augment_template_v2,synthetic_llm
"If you show your face here again, my people promise i'm going to beat you — screenshot this",threat,en,augment_template_v2,synthetic_llm
i promise i'm going to hunt you down you if you keep running your mouth — i promise you that,threat,en,augment_template_v2,synthetic_llm
we swear i'll demolish you if you don't leave her alone — and i mean every word,threat,en,augment_template_v2,synthetic_llm
"If you don't take that down, i can and will put in the hospital you — you've been told",threat,en,augment_template_v2,synthetic_llm
my people can and will choke you if you don't call me right now,threat,en,augment_template_v2,synthetic_llm
i guarantee i will find you you — you will see,threat,en,augment_template_v2,synthetic_llm
"If you don't pay me back by an hour, we promise i'm going to tear apart you — consider yourself warned",threat,en,augment_template_v2,synthetic_llm
we guarantee i will come find you you if you cross me one more time — you've been told,threat,en,augment_template_v2,synthetic_llm
"If you come near me again, we swear i'll humiliate you — screenshot this",threat,en,augment_template_v2,synthetic_llm
my people won't hesitate to track you down you if you don't fix this — you will see,threat,en,augment_template_v2,synthetic_llm
"If you come near me again, my people will snap you — consider yourself warned",threat,en,augment_template_v2,synthetic_llm
i promise i'm going to wreck you if you ever do that again — i promise you that,threat,en,augment_template_v2,synthetic_llm
i am going to burn down you if you keep talking — i promise you that,threat,en,augment_template_v2,synthetic_llm
my people promise i'm going to wreck you — and i mean every word,threat,en,augment_template_v2,synthetic_llm
we can and will annihilate you if you ever do that again — i am dead serious,threat,en,augment_template_v2,synthetic_llm
we will track you down you if you don't leave her alone — you've been told,threat,en,augment_template_v2,synthetic_llm
my people swear i'll slam you if you don't leave her alone — and i mean every word,threat,en,augment_template_v2,synthetic_llm
"If you ever do that again, i will ruin you — and i mean every word",threat,en,augment_template_v2,synthetic_llm
i will strangle you — i promise you that,threat,en,augment_template_v2,synthetic_llm
my crew will finish you — you've been told,threat,en,augment_template_v2,synthetic_llm
"If you don't apologize publicly, my people won't hesitate to put in the hospital you — mark my words",threat,en,augment_template_v2,synthetic_llm
we guarantee i will find you you if you keep this up — screenshot this,threat,en,augment_template_v2,synthetic_llm
we am going to locate you you if you keep talking — i am dead serious,threat,en,augment_template_v2,synthetic_llm
my crew am going to erase you — screenshot this,threat,en,augment_template_v2,synthetic_llm
my crew guarantee i will finish you if you come near me again — mark my words,threat,en,augment_template_v2,synthetic_llm
my crew swear i'll humiliate you if you ignore this message,threat,en,augment_template_v2,synthetic_llm
my crew swear i'll wreck you if you don't fix this — you will see,threat,en,augment_template_v2,synthetic_llm
my people can and will slam you if you show your face here again — i am dead serious,threat,en,augment_template_v2,synthetic_llm
we can and will hunt you down you if you come near me again — i am dead serious,threat,en,augment_template_v2,synthetic_llm
we won't hesitate to find you you — and i mean every word,threat,en,augment_template_v2,synthetic_llm
my crew will come find you you if you don't call me right now,threat,en,augment_template_v2,synthetic_llm
"If you cross me one more time, we can and will burn down you — you've been told",threat,en,augment_template_v2,synthetic_llm
my people promise i'm going to devastate you if you don't pay me back by 24 hours — you've been told,threat,en,augment_template_v2,synthetic_llm
my crew guarantee i will find you you if you come near me again — you've been told,threat,en,augment_template_v2,synthetic_llm
my crew can and will beat you,threat,en,augment_template_v2,synthetic_llm
we can and will locate you you — screenshot this,threat,en,augment_template_v2,synthetic_llm
my people will obliterate you — screenshot this,threat,en,augment_template_v2,synthetic_llm
i swear i'll expose you if you don't pay me back by an hour — this is not a joke,threat,en,augment_template_v2,synthetic_llm
we won't hesitate to come find you you — mark my words,threat,en,augment_template_v2,synthetic_llm
we am going to dismantle you — and i mean every word,threat,en,augment_template_v2,synthetic_llm
my crew can and will pound you if you don't fix this — i promise you that,threat,en,augment_template_v2,synthetic_llm
my people can and will embarrass you,threat,en,augment_template_v2,synthetic_llm
my crew won't hesitate to hunt you down you if you ever do that again — you've been told,threat,en,augment_template_v2,synthetic_llm
if you think leaving solves anything wait until you see what i do next,threat,en,augment_relationship,synthetic_llm
we guarantee i will dismantle you — consider yourself warned,threat,en,augment_template_v2,synthetic_llm
my people can and will put down you if you come near me again — i am dead serious,threat,en,augment_template_v2,synthetic_llm
i won't hesitate to knock out you if you don't pay me back by tonight — mark my words,threat,en,augment_template_v2,synthetic_llm
my people can and will wreck you if you ever do that again — don't test me,threat,en,augment_template_v2,synthetic_llm
nothing you do in the next 24 hours will stop what's already in motion,threat,en,augment_direct,synthetic_llm
"If you don't apologize publicly, my people am going to crack your skull you",threat,en,augment_template_v2,synthetic_llm
i can and will slam you if you don't take that down — and i mean every word,threat,en,augment_template_v2,synthetic_llm
"If you come near me again, we won't hesitate to strip away everything from you — this is not a joke",threat,en,augment_template_v2,synthetic_llm
"If you keep running your mouth, my crew will locate you you",threat,en,augment_template_v2,synthetic_llm
my people swear i'll obliterate you — don't test me,threat,en,augment_template_v2,synthetic_llm
we won't hesitate to break you,threat,en,augment_template_v2,synthetic_llm
my people am going to burn down you — i promise you that,threat,en,augment_template_v2,synthetic_llm
"If you don't pay me back by 5 minutes, my crew will demolish you — this is not a joke",threat,en,augment_template_v2,synthetic_llm
"If you ignore this message, i can and will come find you you — i am dead serious",threat,en,augment_template_v2,synthetic_llm
we am going to embarrass you if you don't call me right now,threat,en,augment_template_v2,synthetic_llm
"If you ever do that again, i can and will devastate you — you will see",threat,en,augment_template_v2,synthetic_llm
we won't hesitate to erase you — this is not a joke,threat,en,augment_template_v2,synthetic_llm
"If you don't stop, i am going to come find you you — and i mean every word",threat,en,augment_template_v2,synthetic_llm
we am going to end you if you don't call me right now — i am dead serious,threat,en,augment_template_v2,synthetic_llm
we guarantee i will hunt you down you,threat,en,augment_template_v2,synthetic_llm
"If you don't apologize publicly, i swear i'll destroy you — you will see",threat,en,augment_template_v2,synthetic_llm
"If you don't pay me back by 5 minutes, i am going to track you down you — you will see",threat,en,augment_template_v2,synthetic_llm
i won't hesitate to embarrass you if you keep running your mouth — i promise you that,threat,en,augment_template_v2,synthetic_llm
we won't hesitate to track you down you if you keep talking — i am dead serious,threat,en,augment_template_v2,synthetic_llm
my crew am going to put down you if you don't take that down — and i mean every word,threat,en,augment_template_v2,synthetic_llm
my people will expose you if you don't fix this — and i mean every word,threat,en,augment_template_v2,synthetic_llm
we can and will strip away everything from you if you keep talking — mark my words,threat,en,augment_template_v2,synthetic_llm
"If you come near me again, i promise i'm going to hurt you",threat,en,augment_template_v2,synthetic_llm
my crew can and will locate you you if you keep running your mouth — i promise you that,threat,en,augment_template_v2,synthetic_llm
we guarantee i will track you down you if you keep running your mouth — you will see,threat,en,augment_template_v2,synthetic_llm
we promise i'm going to locate you you — i am dead serious,threat,en,augment_template_v2,synthetic_llm
my people guarantee i will stomp you — don't test me,threat,en,augment_template_v2,synthetic_llm
i swear i'll annihilate you,threat,en,augment_template_v2,synthetic_llm
we will come for you you,threat,en,augment_template_v2,synthetic_llm
"If you don't take that down, my crew promise i'm going to dismantle you — this is not a joke",threat,en,augment_template_v2,synthetic_llm
"If you come near me again, i guarantee i will snap you — don't test me",threat,en,augment_template_v2,synthetic_llm
"If you don't take that down, my crew am going to track you down you — you've been told",threat,en,augment_template_v2,synthetic_llm
"If you don't stop, my people guarantee i will wreck you — i promise you that",threat,en,augment_template_v2,synthetic_llm
we promise i'm going to obliterate you if you don't stop — i am dead serious,threat,en,augment_template_v2,synthetic_llm
"If you show your face here again, my crew can and will beat you — this is not a joke",threat,en,augment_template_v2,synthetic_llm
my crew will erase you — consider yourself warned,threat,en,augment_template_v2,synthetic_llm
"If you don't leave her alone, we am going to strangle you — and i mean every word",threat,en,augment_template_v2,synthetic_llm
my people won't hesitate to annihilate you — and i mean every word,threat,en,augment_template_v2,synthetic_llm
we am going to devastate you — you will see,threat,en,augment_template_v2,synthetic_llm
"If you keep running your mouth, my crew can and will finish you — and i mean every word",threat,en,augment_template_v2,synthetic_llm
we am going to snap you if you don't call me right now — consider yourself warned,threat,en,augment_template_v2,synthetic_llm
we guarantee i will tear apart you,threat,en,augment_template_v2,synthetic_llm
my crew am going to lay out you — and i mean every word,threat,en,augment_template_v2,synthetic_llm
"If you ignore this message, my people am going to hunt you down you — i promise you that",threat,en,augment_template_v2,synthetic_llm
we am going to strip away everything from you — this is not a joke,threat,en,augment_template_v2,synthetic_llm
my people am going to locate you you — i promise you that,threat,en,augment_template_v2,synthetic_llm
"If you keep running your mouth, my people will put in the hospital you — you will see",threat,en,augment_template_v2,synthetic_llm
"If you don't leave her alone, my crew will find you you — i am dead serious",threat,en,augment_template_v2,synthetic_llm
"If you keep this up, my crew am going to obliterate you — i am dead serious",threat,en,augment_template_v2,synthetic_llm
i will embarrass you — you will see,threat,en,augment_template_v2,synthetic_llm
"If you keep this up, my people won't hesitate to devastate you — i promise you that",threat,en,augment_template_v2,synthetic_llm
my crew won't hesitate to slam you if you cross me one more time — i promise you that,threat,en,augment_template_v2,synthetic_llm
i won't hesitate to come for you you — and i mean every word,threat,en,augment_template_v2,synthetic_llm
you opened a door you can't close now — i'm walking through it,threat,en,augment_direct,synthetic_llm
my people swear i'll beat you if you keep talking — don't test me,threat,en,augment_template_v2,synthetic_llm
"If you keep talking, we will end you — screenshot this",threat,en,augment_template_v2,synthetic_llm
i won't hesitate to end you if you come near me again — you've been told,threat,en,augment_template_v2,synthetic_llm
we promise i'm going to ruin you if you don't stop — you will see,threat,en,augment_template_v2,synthetic_llm
"If you come near me again, my crew won't hesitate to beat you — i am dead serious",threat,en,augment_template_v2,synthetic_llm
my people swear i'll expose you if you don't stop — i promise you that,threat,en,augment_template_v2,synthetic_llm
my crew promise i'm going to snap you — and i mean every word,threat,en,augment_template_v2,synthetic_llm
"If you don't stop, i guarantee i will track you down you",threat,en,augment_template_v2,synthetic_llm
"If you don't stop, we promise i'm going to come for you you — you will see",threat,en,augment_template_v2,synthetic_llm
my crew can and will destroy you — and i mean every word,threat,en,augment_template_v2,synthetic_llm
my crew won't hesitate to put down you — i promise you that,threat,en,augment_template_v2,synthetic_llm
"If you don't apologize publicly, i will demolish you — i promise you that",threat,en,augment_template_v2,synthetic_llm
"If you keep talking, i guarantee i will strangle you — don't test me",threat,en,augment_template_v2,synthetic_llm
my people will annihilate you — don't test me,threat,en,augment_template_v2,synthetic_llm
we will finish you if you show your face here again — this is not a joke,threat,en,augment_template_v2,synthetic_llm
we can and will snap you if you cross me one more time — screenshot this,threat,en,augment_template_v2,synthetic_llm
i can and will demolish you — you will see,threat,en,augment_template_v2,synthetic_llm
i won't hesitate to come find you you if you keep talking — mark my words,threat,en,augment_template_v2,synthetic_llm
i can and will snap you if you don't pay me back by 5 minutes — you've been told,threat,en,augment_template_v2,synthetic_llm
my people won't hesitate to destroy you if you keep running your mouth — and i mean every word,threat,en,augment_template_v2,synthetic_llm
my people won't hesitate to finish you — you've been told,threat,en,augment_template_v2,synthetic_llm
"If you keep talking, my people guarantee i will ruin you — i am dead serious",threat,en,augment_template_v2,synthetic_llm
"If you keep this up, my crew can and will track you down you — this is not a joke",threat,en,augment_template_v2,synthetic_llm
"If you keep running your mouth, my people am going to obliterate you — you've been told",threat,en,augment_template_v2,synthetic_llm
i can and will ruin you if you don't leave her alone — mark my words,threat,en,augment_template_v2,synthetic_llm
my crew swear i'll track you down you — consider yourself warned,threat,en,augment_template_v2,synthetic_llm
my crew can and will put in the hospital you — don't test me,threat,en,augment_template_v2,synthetic_llm
my people will drag you if you keep this up — mark my words,threat,en,augment_template_v2,synthetic_llm
we won't hesitate to hurt you,threat,en,augment_template_v2,synthetic_llm
i will come find you you if you don't take that down — you've been told,threat,en,augment_template_v2,synthetic_llm
we won't hesitate to humiliate you,threat,en,augment_template_v2,synthetic_llm
my people promise i'm going to hunt you down you — you've been told,threat,en,augment_template_v2,synthetic_llm
"If you ignore this message, we will destroy you — i promise you that",threat,en,augment_template_v2,synthetic_llm
we will knock out you if you cross me one more time — this is not a joke,threat,en,augment_template_v2,synthetic_llm
my people am going to humiliate you — and i mean every word,threat,en,augment_template_v2,synthetic_llm
i will strip away everything from you — consider yourself warned,threat,en,augment_template_v2,synthetic_llm
"If you show your face here again, i swear i'll snap you — screenshot this",threat,en,augment_template_v2,synthetic_llm
i swear i'll crack your skull you if you don't pay me back by 5 minutes — you will see,threat,en,augment_template_v2,synthetic_llm
"If you come near me again, we won't hesitate to strip away everything from you — i promise you that",threat,en,augment_template_v2,synthetic_llm
my people will humiliate you if you don't apologize publicly — you've been told,threat,en,augment_template_v2,synthetic_llm
we promise i'm going to strip away everything from you — mark my words,threat,en,augment_template_v2,synthetic_llm
"If you keep this up, my people won't hesitate to locate you you — and i mean every word",threat,en,augment_template_v2,synthetic_llm
"If you keep running your mouth, we will snap you — and i mean every word",threat,en,augment_template_v2,synthetic_llm
"If you don't apologize publicly, we won't hesitate to track you down you — you will see",threat,en,augment_template_v2,synthetic_llm
my crew promise i'm going to track you down you if you keep talking,threat,en,augment_template_v2,synthetic_llm
"If you ignore this message, my crew am going to hunt you down you — and i mean every word",threat,en,augment_template_v2,synthetic_llm
i will demolish you if you don't pay me back by tonight — don't test me,threat,en,augment_template_v2,synthetic_llm
we won't hesitate to devastate you if you don't apologize publicly — don't test me,threat,en,augment_template_v2,synthetic_llm
i won't hesitate to come find you you if you don't pay me back by an hour — mark my words,threat,en,augment_template_v2,synthetic_llm
i will obliterate you — mark my words,threat,en,augment_template_v2,synthetic_llm
"If you don't pay me back by the end of the day, we guarantee i will find you you",threat,en,augment_template_v2,synthetic_llm
i won't hesitate to erase you if you show your face here again — you've been told,threat,en,augment_template_v2,synthetic_llm
we can and will track you down you — and i mean every word,threat,en,augment_template_v2,synthetic_llm
"If you ignore this message, my people will beat you — you've been told",threat,en,augment_template_v2,synthetic_llm
"If you keep this up, my crew guarantee i will come for you you — consider yourself warned",threat,en,augment_template_v2,synthetic_llm
i guarantee i will pound you if you don't fix this — screenshot this,threat,en,augment_template_v2,synthetic_llm
"If you don't pay me back by an hour, my people promise i'm going to ruin you — don't test me",threat,en,augment_template_v2,synthetic_llm
my people guarantee i will come find you you — i promise you that,threat,en,augment_template_v2,synthetic_llm
my crew swear i'll locate you you — i am dead serious,threat,en,augment_template_v2,synthetic_llm
"If you keep running your mouth, we can and will dismantle you — mark my words",threat,en,augment_template_v2,synthetic_llm
"If you don't call me right now, we won't hesitate to hunt you down you — i am dead serious",threat,en,augment_template_v2,synthetic_llm
"If you don't call me right now, my crew promise i'm going to track you down you — and i mean every word",threat,en,augment_template_v2,synthetic_llm
my crew swear i'll track you down you if you keep this up — you will see,threat,en,augment_template_v2,synthetic_llm
"If you show your face here again, i am going to come find you you — consider yourself warned",threat,en,augment_template_v2,synthetic_llm
i have been preparing for this conversation my entire life,threat,en,augment_direct,synthetic_llm
"If you come near me again, we guarantee i will find you you — i promise you that",threat,en,augment_template_v2,synthetic_llm
i promise i'm going to come for you you if you don't fix this — screenshot this,threat,en,augment_template_v2,synthetic_llm
"If you show your face here again, my people can and will humiliate you — i am dead serious",threat,en,augment_template_v2,synthetic_llm
"If you don't take that down, we can and will come find you you — screenshot this",threat,en,augment_template_v2,synthetic_llm
my crew won't hesitate to track you down you if you ever do that again — this is not a joke,threat,en,augment_template_v2,synthetic_llm
my crew guarantee i will come for you you if you don't call me right now — and i mean every word,threat,en,augment_template_v2,synthetic_llm
